limited,26
retch,1
nunnery,1
worshiped,1
saver,2
extracurricular,2
dynamic,3
felt,41
four,16
protest,2
sprawl,1
sleep,3
asian,14
hanging,7
consists,1
attentive,1
captain,1
saved,4
chili,1
consider,11
increase,2
swag,1
vile,1
snowing,3
visable,1
poorest,1
remodeled,4
contained,1
james,3
originality,1
edward,6
murky,1
voted,1
whatsoever,2
teaching,18
pride,17
suburban,1
worth,40
placed,3
aroud,1
allergy,3
rescue,1
deli,2
vase,1
chik,2
shoot,1
every,172
leisurely,1
rec,37
affect,11
distractive,1
bringing,5
nadditionally,1
encounter,2
identity,1
num,3
scholar,2
wooden,2
margarita,1
venue,7
solution,3
humidity,1
convenience,8
unrelated,2
joke,8
red,1
guiding,1
informative,3
professers,1
stereotypical,5
reliable,20
confidence,2
enjoy,50
veritable,1
bill,2
force,4
specially,1
stressing,1
tired,4
razed,1
consistent,1
welfare,4
direct,2
frosted,1
horn,1
surrounding,7
second,13
street,95
nthe,3
manner,2
oread,2
chem,1
prevalence,1
panda,2
shining,2
even,187
established,1
oldest,5
hide,1
cooperating,1
wreck,1
hate,2
exactly,4
selected,1
revolves,7
supplied,1
bipolar,1
absolute,1
conduct,1
new,118
poorly,2
officially,3
disney,1
told,7
hobby,1
med,9
niche,3
kicked,5
disobeying,1
never,130
ncurriculum,1
abstractly,1
anthropology,3
met,34
protection,1
tornado,3
pursuit,1
dorm,329
path,14
establishment,3
craziness,1
buddy,3
dry,8
property,3
taper,1
study,107
changed,3
bro,1
outskirt,2
bisically,1
credit,14
theoretic,1
mentor,2
smoke,7
permit,33
complicated,2
chateau,3
punishment,7
appropriately,2
fantastic,28
persevered,1
secure,7
secluded,1
disability,1
explained,2
jayhawkers,1
schooling,5
excuse,3
highly,18
county,5
visible,5
ninety,1
moral,1
socioeconomic,1
punching,1
total,10
unit,1
undcided,1
cheating,3
reflected,1
metropolitan,1
would,220
army,1
double,4
hospital,6
motivate,2
microfilm,1
chooses,1
craving,1
campuswide,1
bike,9
music,21
therefore,8
recommend,14
strike,1
indiana,1
sexy,1
type,53
tell,21
separated,1
tolerated,2
dumped,1
paperwork,2
standardized,1
relay,1
relax,3
successful,10
brings,5
expose,1
haha,1
kindergarten,1
reign,1
aware,9
warn,1
phone,23
warm,11
surgeon,1
varsity,5
excellent,34
hole,2
hold,21
nightline,1
origin,1
must,28
abundance,1
decoration,1
morally,1
join,31
room,66
unaffiliated,1
cheapest,4
pursue,8
midwest,9
setup,2
work,126
adjusting,1
intention,1
advocacy,1
ideology,1
drinker,2
description,1
haskell,1
grenada,1
root,1
example,12
decorative,1
coule,1
foodie,2
give,63
indie,3
snobby,4
household,1
organized,6
updated,3
involve,4
currency,1
aaac,1
blistering,3
want,153
scheduling,2
counseling,2
story,12
attract,1
guarantee,4
aging,1
hoe,1
end,24
devotion,1
unpaid,3
provide,34
verify,1
travel,8
song,1
fratty,1
feature,10
machine,1
amazing,87
hop,3
answer,14
symposium,1
widespread,1
beach,7
charging,3
classify,1
pizza,31
prohibits,1
religiously,1
minority,16
beauty,3
cuisine,11
mess,1
lgbtq,3
minimized,1
lab,61
storage,1
wrong,3
jumping,1
lax,1
lay,2
curiosity,1
aften,1
president,2
understandable,2
law,7
meaningful,1
lesbian,4
purchase,6
retail,1
effective,4
recieved,2
certification,1
appreciate,3
greet,1
neglect,1
greek,279
maintain,12
green,2
ultimate,1
correlation,1
jock,2
worst,11
preventive,1
notifies,1
order,22
wind,6
wine,2
thirty,1
restriction,3
office,32
withing,1
welcomed,3
walgreens,1
vary,12
satisfied,3
jewelry,1
responsive,1
japan,2
rewarded,3
intoxicated,3
underagers,1
mayor,1
pharmd,4
difference,9
shawnee,1
fit,28
personal,21
fireplace,1
fix,2
multidisciplinary,1
comprises,1
writing,12
better,82
dedicate,1
compelling,1
differently,3
savory,1
hidden,4
admirable,1
easier,22
fil,11
orientated,1
eventually,4
coffee,17
affected,2
woken,1
combination,2
meadowbrook,1
prevented,1
workout,3
safe,169
scene,56
break,15
band,10
roommate,12
unsubsidized,1
therapy,6
nook,1
genovese,2
repairman,1
altogether,1
downright,1
lifelong,1
lenient,11
pjs,1
bread,1
meat,3
cushioned,1
notified,1
reasonably,2
crunchy,2
leading,1
filling,3
spotless,1
victory,1
reasonable,24
fitness,4
iguana,1
went,18
meal,44
zen,1
lasting,3
signing,1
financial,65
townhomes,1
teller,1
january,3
wednesday,2
hectic,1
apparments,1
taught,7
forgot,1
substantially,2
cathedral,1
dawn,1
piling,1
saturday,14
intership,2
gon,2
network,26
driving,23
megabus,1
god,3
anesthetically,1
crucial,1
forty,1
godsend,1
content,2
encourage,6
rare,7
comprehensive,1
medicine,6
got,41
newly,7
engineer,8
forth,2
sliding,1
musician,1
perception,2
softball,2
resume,6
threatened,6
little,102
free,123
standard,7
boulevard,2
underrate,1
nto,1
enhance,2
sheet,1
estimate,1
wanted,20
knit,4
repeat,2
ambler,2
enormous,2
ate,3
exposing,1
univeristy,1
created,6
privacy,1
cosmic,2
viewing,1
ups,2
creates,2
heck,1
unknown,1
clothes,2
loud,11
hire,4
bog,1
cleaning,2
protesting,1
busing,3
already,18
suspension,1
researcher,2
accent,2
hoop,2
encouraging,4
rank,3
hearing,3
restrict,1
lettuce,1
sponsoring,1
downside,5
another,19
robust,1
preform,1
thoughtfully,1
thick,1
ditch,2
electronic,2
researched,1
throught,1
returning,2
coop,1
basketball,252
renovated,15
service,49
undoubtedly,1
sufficientcy,1
top,45
engagement,1
recruiting,1
tow,1
elevator,2
stack,2
plentiful,3
needed,35
ton,82
nit,3
tea,3
rockin,1
percentage,7
cycle,1
bitter,2
ranging,6
hella,1
urban,3
hangout,7
asset,1
bursar,2
gsp,14
centered,3
tool,3
serve,9
took,11
rejected,1
japanese,2
expence,1
noodle,3
incur,1
pulse,4
somewhat,15
wasted,2
practiced,2
requisite,2
artistic,2
positively,1
december,1
distance,27
hopping,2
showed,1
elegant,1
hike,1
database,3
tree,3
likely,11
project,10
matter,39
apt,2
invention,1
speaking,2
historical,2
spoiled,2
feeling,15
solely,3
evey,1
raf,1
mini,3
fashion,2
entail,1
nutrition,1
ran,1
navigate,3
modern,5
mind,13
mine,3
anybody,4
return,2
talking,8
unappetizing,1
advising,5
rap,1
seen,46
seem,53
seek,5
alive,1
relatively,20
unrivaled,1
forced,3
quieter,3
strength,2
corbin,11
hispanic,1
convenient,33
responsible,2
gripe,1
snow,33
thorough,1
predominantly,4
oriented,5
sound,8
recommended,2
academia,2
luxury,2
pop,1
responsibly,1
snob,1
effectiveness,1
completed,3
conducive,1
relevant,1
blue,9
nobody,10
mba,1
lion,2
though,122
congregate,1
cohabitation,1
nmany,1
limitless,1
fasfa,3
quit,2
shyu,1
anatomy,1
involving,5
sidewalk,8
plenty,98
coil,1
satifying,1
insightful,1
prostitute,1
approachable,3
assisting,1
advantageous,1
grove,1
professor,201
camp,9
flow,2
doe,53
digress,1
definitely,69
tech,5
uniqueness,2
enterprise,1
entertaining,2
left,7
consumer,2
sum,2
came,23
reserve,2
saying,1
cooking,4
inspire,1
contacted,1
lewis,11
random,8
chore,1
ending,1
determine,2
liberty,3
stepping,1
participate,16
earth,4
cheaply,1
endowment,1
enjoyed,18
groupie,1
busy,16
tier,2
advanced,1
louise,3
curricular,2
menu,7
guidance,2
pretigious,1
minnesota,1
bust,1
genuinely,2
theme,3
distrinct,1
bliss,1
judged,1
rich,11
pursuing,3
adequate,3
boyfriend,3
laptop,20
personality,5
wearing,2
assiting,1
colorful,2
catered,2
fenominal,1
inoperative,1
watch,16
preferred,2
coast,3
pocket,3
watson,7
despite,8
report,5
haiti,1
considerate,1
nurse,1
droning,1
deny,1
earn,6
pearson,1
bar,106
stingy,1
pressed,1
nicely,1
ever,52
rowing,1
excel,4
shouldnt,1
posh,1
twice,4
bad,88
shull,1
architecture,26
scrumptious,1
ban,1
psych,1
hawkweek,1
automatic,2
steam,1
parade,2
farther,9
respond,2
newspaper,3
mandatory,4
human,2
fair,21
habit,2
liquor,1
sperry,3
remodeling,1
recruit,2
recieve,2
depends,33
allure,1
result,2
fail,1
miserable,1
best,242
subject,17
pastel,2
said,24
onto,1
pressured,5
away,76
ensures,1
shaved,1
rushing,4
score,12
hopefully,3
seven,1
gdis,1
approach,2
thoroughly,1
wage,1
lazy,2
men,28
nationwide,1
nature,4
smelled,3
handful,1
los,1
however,143
richest,1
fastidiously,1
loading,1
wear,10
extent,1
quaint,5
dedication,1
news,1
picking,2
debt,2
roasterie,1
improve,7
faced,1
received,17
climate,2
outcome,1
irregular,1
reported,4
steep,6
adapter,1
cup,5
heating,1
participating,4
hummus,1
jawhawk,1
planned,1
receives,1
exceeds,1
china,3
login,3
expense,6
asked,4
con,4
pre,22
tough,13
relatable,2
appeared,1
vast,6
hairstyle,1
advancement,1
active,11
written,6
affiliated,3
blonde,2
trust,5
materialistic,1
speak,9
conference,2
bathroom,16
petty,1
proceeded,1
asks,1
basis,6
union,49
hightech,1
condemned,2
patrolling,8
three,18
tiny,5
quickly,11
confident,2
beer,5
much,249
interest,24
grade,28
expected,15
flexible,7
fry,1
lovely,4
exhibition,2
website,5
oversells,1
life,264
ethernet,1
deeper,5
relaxing,7
eastern,1
formulaic,1
mcd,1
worker,1
uncommon,1
argument,2
lift,1
alley,3
abnormally,1
personally,29
catch,8
worked,10
regretted,1
chill,8
applied,19
physician,2
exception,2
save,7
massachuset,1
prestigious,3
unwillingness,1
amusing,1
mater,4
kentucky,2
air,4
employ,1
ugly,2
near,29
rained,1
suppose,3
multicultural,2
stopping,2
aid,81
balance,6
procedure,1
mistake,1
upgrade,2
stink,1
pyramid,1
priced,9
outlandish,1
revision,2
sticker,1
sushi,7
losing,3
sticking,1
player,10
cant,3
eighteen,1
creepy,2
economics,2
prize,1
march,5
pathology,2
tremendously,1
mouse,1
grown,1
memorial,5
academically,5
ing,2
descent,3
hokey,1
suggest,7
make,184
airport,4
mccollom,1
clearly,3
beside,1
eldridge,1
complex,21
patient,1
split,3
unfortunate,1
vegetable,1
several,38
harming,1
witnessed,2
vibrates,1
fairly,43
summerfield,1
screw,1
alittle,1
pick,28
hang,28
workforce,2
rain,9
hand,25
portal,1
ownership,1
redneck,2
jealous,1
opportunity,122
blamed,1
generalize,1
kid,24
specialize,1
kept,12
scenario,2
performance,7
prioritize,1
dallas,1
fusion,1
intrigue,1
academic,80
played,1
contact,8
greatest,8
dominating,1
mother,2
marked,1
jean,3
handing,1
corporate,1
musical,3
shadowed,1
trainer,1
agency,1
mingle,1
birth,2
golden,1
athletic,27
photo,1
sporting,10
distribute,1
unfair,4
absolutley,1
bandwidth,1
financially,1
identify,3
thanks,1
victim,3
freestate,1
yes,8
instructed,1
yet,32
electronically,1
previous,3
adding,1
handshake,1
enters,1
monitored,2
thankfully,4
dining,115
ease,6
deters,1
character,2
emphasis,4
hilly,2
shout,2
animation,1
board,3
easy,143
technological,1
supervisor,1
east,4
hat,1
flowing,1
trashed,1
gave,11
opt,1
tulip,1
popping,1
quirk,1
vanessa,1
obscenity,1
possible,23
awhile,5
prominant,1
possibly,7
cultural,11
discreet,2
background,20
sorority,56
judge,2
shadow,1
unique,34
rumor,1
apart,13
desire,5
brought,6
intertwined,2
patience,2
pulled,2
performing,2
jerk,1
specific,23
remind,1
officer,10
night,135
notorious,2
security,33
lecturer,1
beneficial,11
right,46
old,39
envision,1
crowd,14
people,466
sends,2
tripper,1
teh,1
jefferson,1
somehow,3
born,3
intern,1
printer,20
hassle,7
election,2
critique,1
krebhiel,1
harassment,2
intellect,1
tutorial,1
confusing,9
separately,1
deaf,1
sociology,1
vibrance,1
grading,1
phenomenal,6
normal,6
finanical,2
ice,13
creative,1
everything,89
icy,5
asking,3
honesty,2
landscape,1
unnoticed,1
wandering,2
confusion,1
sororiety,1
displayed,2
core,4
khaki,2
hare,1
dunkin,1
payment,1
pose,1
subculture,2
illustration,2
disappeared,2
discount,17
polluted,1
fullest,2
buffet,4
defensive,1
invaluable,1
peer,16
memorable,1
post,9
super,22
permitted,2
spoke,1
chapter,8
limitation,1
diner,1
conceal,2
accepts,2
donation,1
surround,2
situated,1
healty,1
dinner,6
dined,1
plus,17
afternoon,2
steadily,2
eight,1
observation,1
slightly,5
automatically,2
mathematical,2
raised,3
plowed,1
ordinary,1
lied,1
facility,72
wasting,2
infraction,3
profession,4
bound,5
soo,1
negative,5
accommodate,4
thankful,3
downgraded,1
explain,2
anschutz,3
yahoo,3
wrap,6
cafeteria,18
allways,1
hub,3
wan,4
rely,6
wal,1
deal,43
comparing,1
support,41
constantly,20
posession,1
raped,1
gig,2
stuck,10
accordingly,1
clinical,2
way,132
goddamn,1
resulted,2
call,26
happy,28
questionable,3
intolerance,1
head,7
repiratory,1
entrenched,1
offering,11
offer,95
penney,1
becoming,6
bite,1
lawn,2
landing,1
enrolling,1
wireless,29
mysterious,1
heat,6
hear,28
vegeterians,1
removed,1
true,11
educationa,1
refreshing,1
absent,1
throw,2
friday,7
scrimmage,1
inside,6
morning,12
attached,3
maximum,1
crop,1
rack,2
generosity,1
economic,3
nicest,1
alsome,1
cashbar,1
nerdy,4
daddy,1
unncessary,1
brightly,1
proud,15
liberal,22
inclusive,5
request,3
tournament,4
proven,1
hungry,1
continued,1
conserved,1
sometime,1
exist,6
queen,1
accounting,4
mediocre,4
annoying,9
commuting,1
dealer,1
physical,7
password,2
discriminate,1
dotted,2
floor,26
sugar,1
whereas,2
roooccckkk,1
generally,21
reality,2
til,1
build,2
setting,7
role,3
protester,1
holding,2
capstone,1
test,11
unwilling,2
trans,1
smell,3
roll,2
undeniably,1
picture,3
raided,1
interactive,1
cab,3
pronounced,1
surprise,4
welcome,7
convincing,1
polite,6
diet,2
belive,1
fell,8
lease,1
hurt,3
weekend,43
dispersed,2
died,1
congested,1
mildly,1
longer,5
apology,1
glass,2
assume,2
normally,6
bottom,3
domination,1
daily,13
jacket,2
confrere,1
reception,1
time,299
push,4
serious,2
stick,5
uninterested,1
befriend,1
managed,2
chain,22
affair,2
pepperjax,1
skip,3
varying,3
focus,11
cupcakery,1
livelihood,1
cushy,1
mild,4
supplement,2
daytime,2
grateful,2
spartan,1
spaced,1
chair,4
abundant,6
genetically,1
resourceful,3
row,1
brochure,1
certainly,5
depend,4
million,4
calorie,1
april,1
father,4
disgusting,4
environment,43
cheat,2
charge,16
praised,1
promoting,3
splurge,1
managable,1
suffered,1
ish,1
ride,58
division,1
protective,1
advantage,10
risky,1
bulletin,1
keeping,7
vegan,13
choice,53
prof,1
cook,2
locked,5
trouble,13
blast,2
exact,1
yelling,2
minute,56
cool,24
drag,2
impressive,4
level,28
cooky,2
die,3
dig,2
stamped,1
gun,2
leave,16
item,4
soooo,2
settle,3
excellence,2
participation,1
team,101
quick,14
guy,82
round,6
added,3
inconsistent,1
prevent,5
olympic,1
talked,5
regret,3
attitude,6
dealing,7
repetitive,11
discover,2
literature,3
sign,6
affiliation,1
cost,67
corner,6
eating,20
econ,1
fear,2
rapist,2
curse,1
stressful,6
appear,1
cleanliness,1
assistance,4
realizing,1
debate,1
current,6
irritating,1
escorted,1
suspect,2
vandalized,1
booklet,1
shared,3
appeal,3
lunchtime,1
goer,1
filled,11
satisfy,3
drafted,1
angelina,1
transportation,53
overpriced,2
assertive,1
fieldhouse,26
henry,1
french,1
understanding,6
water,9
downloaded,1
slow,22
tangent,1
alone,25
olathe,1
along,21
cork,1
teacher,62
change,36
wait,19
box,7
buck,9
enroll,2
incoming,10
accomplishes,1
noticeable,5
unorganized,1
healthy,15
earned,1
wherever,3
commonly,1
expulsion,1
brazilian,1
accomplished,1
verynhigh,1
raining,1
pediatric,1
salty,1
usually,99
hospitality,2
weird,5
kauffman,1
homecoming,1
nowhere,1
emerge,1
breathtaking,1
love,203
confidentiality,1
extra,15
problematic,1
humanity,1
prefer,9
shark,1
logical,1
graduated,2
flexibility,1
iffy,1
pleasantly,1
fake,13
touchdown,1
prompt,3
rarely,7
hobunky,1
market,7
sky,1
everybody,13
crammed,1
sporty,1
working,16
prove,3
perk,1
positive,21
stated,1
visit,14
intense,2
intermingle,1
live,164
wood,1
wonderfully,2
iphone,1
memory,6
scope,1
thru,1
prep,1
today,2
loving,3
entrance,1
sharing,1
press,1
afford,3
steak,2
acceptable,1
curriculum,15
clue,2
downtown,50
carnival,1
ballet,1
didin,1
everywhere,48
occasial,1
tryyaki,1
employed,1
advise,1
effort,14
easiest,1
mascot,3
fly,1
walled,1
valued,1
wouldnt,1
decked,1
car,64
originally,2
jude,1
soup,3
hardest,1
printing,51
indescribably,1
hope,9
goody,1
growing,3
making,22
arrive,3
hash,3
streak,1
heart,6
crazy,30
eclectic,1
nursing,18
figure,12
downfall,1
expanding,3
awesome,72
arise,1
confused,2
chit,1
topic,9
heard,34
worldviews,1
refine,1
sandbar,2
allowed,19
chic,4
xanax,1
clothing,3
restauraunts,1
bigot,1
indifferent,2
winter,43
reinstaement,1
fortunately,1
dress,16
divided,1
harmed,2
ping,1
magazine,1
concentration,1
registering,1
lounge,5
till,7
sunday,5
misleading,1
fourth,1
endorsement,1
significant,3
ensure,3
speaks,2
pathway,3
rivaled,1
map,1
staying,3
laundry,4
ballroom,1
information,18
may,44
designated,1
sacrifice,1
southern,1
crashed,1
mac,5
explored,1
designed,4
date,7
drastic,1
suck,15
misdiagnosed,1
filthy,1
renovation,4
lifting,3
man,3
classroom,15
concept,1
stress,6
natural,3
remember,4
johnson,4
conscious,3
whenever,8
maybe,9
wheelchair,1
applicant,2
complaining,3
switch,1
truck,1
block,8
african,5
representation,2
embodying,1
tutoring,7
bunk,1
talk,28
typical,19
drunken,2
cute,7
lsd,1
serving,2
globe,1
repair,1
mainly,19
consulting,1
ugg,1
entity,1
course,88
smoothie,1
jimmy,1
tonic,1
nbsp,1
shake,2
differs,2
cold,37
still,102
pointer,1
frisbee,1
cola,1
ethic,1
gta,2
avid,1
group,64
monitor,2
swann,1
duplex,5
interesting,31
presence,8
sideline,1
hot,30
attraction,10
window,1
dilly,1
gem,2
nclasses,1
farmer,1
policy,24
mail,2
main,53
petition,1
happened,5
non,33
emailed,1
clinician,1
resnet,2
introduce,1
nation,25
interview,4
qualified,5
half,19
bob,1
son,1
hall,155
maintaining,2
matched,1
outweigh,1
term,12
workload,23
name,6
sophomore,12
clutch,1
drop,6
obsession,1
outrageously,2
careless,1
rock,34
thur,1
entirely,3
collaborate,1
locate,2
reminds,1
yummy,3
individually,1
weighted,1
christian,2
significantly,1
challenged,8
revised,2
treacherous,1
goose,1
balanced,1
catching,1
sponsor,1
begun,2
sexually,1
happen,18
avoided,1
regionally,1
tried,2
tougher,2
living,129
shown,2
container,1
opened,7
space,17
profit,1
furthermore,2
meadow,1
keno,1
abide,1
looking,58
seriously,14
unforgettable,1
zumba,1
hacked,1
internet,13
receiving,9
viable,4
metro,1
attendee,1
attended,9
theory,2
raise,2
crawling,1
contain,1
electrified,1
possibility,4
quite,45
lmh,1
unfriendly,1
flyer,2
unwanted,1
demanding,1
besides,10
ohio,3
stellards,1
ominous,1
dispatcher,1
card,18
care,65
partner,1
advance,2
training,7
fixed,1
language,7
transition,3
xii,1
british,1
rigorous,5
thing,194
funky,1
concrete,1
place,356
massive,5
preselections,1
promotion,1
think,114
first,76
emotion,1
initial,2
spoken,1
coming,16
potter,2
one,343
opprotunities,1
fast,35
directly,5
spanish,4
carry,8
impossible,17
array,2
fight,3
open,59
occassions,1
size,34
gertrude,1
city,82
given,38
necessarily,3
checked,1
district,1
bloom,2
caught,15
structured,1
yik,1
parallel,1
anyone,38
encourages,3
escort,2
convention,1
challengs,1
white,22
friend,138
exploring,1
mostly,37
ratio,1
season,34
outreach,1
heritage,1
obtained,1
expanse,1
hut,13
spar,1
harbour,1
ridiculous,12
quirky,1
thai,3
copy,1
holder,1
population,20
taproom,1
wide,32
television,1
gamedays,1
unfortunately,9
sailing,1
crack,2
require,5
chicago,1
transferred,4
serf,2
victorian,2
future,26
germany,1
venture,1
aesthetic,3
counselor,5
janitor,1
dissapointed,1
browser,1
prospect,7
lowest,1
gathering,3
register,1
san,1
nicer,9
pro,3
turned,3
marijuana,6
sae,2
allowance,1
threw,2
say,65
medium,1
comedian,1
rent,16
asbestos,1
allen,37
breakfast,2
saw,3
calendar,1
sat,3
coach,5
form,12
encompassing,1
efficient,3
editing,1
answering,3
upgrading,1
aside,5
sewing,1
undercover,2
note,1
equipment,11
ideal,6
potential,5
hookah,1
take,172
online,20
objective,1
wanting,7
encouraged,4
switching,1
channel,3
begin,11
sure,54
multiple,23
fate,1
opposite,7
track,12
price,59
knew,13
paid,7
specialty,1
rehearsal,1
plumbing,1
assault,18
importantly,2
pricy,4
stormed,1
freshman,77
librarian,1
america,7
forever,4
especially,92
surprising,1
considered,8
egg,1
average,40
later,15
drive,31
wing,7
federal,1
badd,1
backdrop,1
creme,1
afforable,1
professional,11
senior,3
outfitted,1
typically,9
filing,1
quantity,1
shop,44
rating,4
walking,86
posse,1
shot,1
nthey,1
show,25
opportunist,1
hamburger,1
cheap,26
fifty,1
discovered,1
bright,3
therapist,3
shoe,5
teamed,1
rabid,1
mexican,8
sheltered,1
superb,1
thriving,2
fifth,1
ground,3
specifically,10
brutally,1
stair,1
title,5
proportion,1
enough,57
crime,19
going,136
black,6
hockey,1
partake,8
enthusiasm,1
respectable,2
awareness,2
interstate,1
inventor,1
excepting,1
correctly,1
touch,2
get,514
assistant,6
jazz,2
freezing,4
expectation,4
truly,20
tailor,1
nearly,19
hippy,2
installed,1
gen,4
kaaaaayy,1
infringes,1
prime,3
regarding,6
resource,44
skull,1
artist,1
celebrate,1
borrow,1
routinely,1
worried,3
catering,1
stupid,5
landlord,9
liable,2
subcampus,1
finishing,2
drawback,1
worrying,2
husband,1
ignored,1
declared,2
concert,10
espn,1
burst,1
physically,2
verything,1
eaasy,1
dived,1
derogatory,1
seat,9
actively,4
college,251
parking,203
contains,1
surgery,1
sport,125
wonder,2
mecca,2
physiology,1
satisfying,2
camping,5
maturity,1
managing,1
nonetheless,1
review,6
definite,2
thurs,1
forecast,1
dormitory,3
outside,50
environmentally,1
john,1
prettiest,1
enjoys,1
reading,8
across,21
unappealing,1
affordable,22
notice,9
august,2
parent,17
marvin,1
screen,2
citation,1
concentrate,1
implemented,1
thrilling,1
spark,1
come,148
recall,1
concentrated,2
talented,2
underrage,1
implementing,1
many,426
region,3
emergency,15
quiet,14
called,17
enabling,1
somewhere,19
tour,11
dated,1
nearby,7
duty,2
among,8
recreational,5
madness,2
afterwards,2
cancer,1
color,4
pot,7
singer,1
period,4
motorsports,1
satisfaction,2
pole,1
strengthening,1
learning,27
approval,2
polo,3
constant,4
charismatic,1
boat,3
caring,6
destroyed,1
oliver,21
cycling,1
tuning,1
resort,1
stretch,1
west,4
dinamics,1
locally,4
informed,2
escalated,1
slum,2
mart,1
quid,1
workshop,1
punished,1
peaceful,4
outweighed,1
hardly,8
bullshit,1
engine,1
direction,4
educated,1
shopping,28
storm,2
combatted,1
tasteless,1
influence,2
offered,23
blessing,1
andrew,1
eatery,5
wake,2
undercooked,1
careful,8
spirit,49
countless,3
paying,17
predominately,1
developing,3
wealthiest,1
accommodating,6
single,13
offbeat,1
cast,1
warning,2
vegeterian,1
coca,1
residence,19
cancelled,4
situation,18
commission,1
invited,2
coolest,1
internett,1
ive,3
orientation,21
coupled,1
pescetarian,1
sincere,1
ambulance,1
telephone,3
equal,5
sprained,2
middle,16
someone,44
embrace,3
fllow,1
somebody,3
spooked,1
restroom,1
technology,14
everyday,13
worry,12
different,190
pas,18
develop,1
harsh,3
considerable,1
rooting,2
pay,36
granted,2
bowl,4
sketchy,4
check,21
figuring,3
pad,1
vandalism,2
patrolled,2
struggling,3
document,2
granter,1
thee,1
cramming,1
disappointment,1
week,62
finish,2
closest,3
assist,6
driver,6
weed,15
driven,2
nand,1
decently,3
ballad,1
arose,1
advertisement,1
mccullom,3
footprint,1
changing,8
barged,1
totally,6
tradition,61
reference,2
relies,2
awesomeness,1
theater,4
pledging,1
educating,1
pennsylvania,1
charger,2
customized,1
easilly,1
severe,4
without,43
solve,1
glorious,1
bottle,3
relied,1
coordinate,1
model,1
reward,1
amazed,3
scholarship,99
taxi,9
summer,29
accomodating,1
livestock,1
prowl,1
knowledgeable,3
rest,11
personaly,1
pariah,1
kill,1
aspect,10
towering,1
switched,1
gdi,2
flavor,2
speed,11
weekly,3
doctoral,1
renewed,1
secondly,1
thinking,5
rental,5
seems,48
except,19
peak,4
improvement,4
instrument,1
interested,32
inconvienent,1
bigger,8
versa,3
struck,1
feminism,1
real,15
boast,4
jake,7
around,243
spectacular,4
compter,1
read,4
virginia,1
harmonic,1
dark,8
orthopedic,1
traffic,7
preference,6
dock,1
confined,1
world,40
accepted,13
disappointed,6
vague,1
outlet,3
furniture,1
audiology,1
christina,1
acquainted,2
vending,1
stranger,3
adderral,1
postcard,1
kidding,1
maintained,4
yearly,1
oddly,1
annually,2
benefit,9
superiority,1
either,31
robbery,2
fully,5
resolved,1
served,1
tower,10
passionate,8
accidentally,1
auditorium,1
twelve,1
seating,4
scamming,1
maximize,1
exposed,5
jayhawks,13
competition,3
plethora,2
replay,1
table,7
intend,4
racial,4
divine,1
snowy,2
provided,14
slice,1
genetics,1
mood,6
substance,1
ability,5
gameday,1
slick,1
legal,1
earning,3
voice,1
throat,2
critical,1
hipster,5
sledding,2
provides,34
moderate,8
knife,1
considering,8
biased,6
football,62
wheat,4
scientific,1
business,46
intimate,1
internship,64
equivalent,1
stereotyped,2
communicate,1
cliquey,5
slaughter,1
tuition,28
broken,8
laidback,1
habi,1
innocence,1
leftover,1
roaming,1
exciting,7
finicky,1
rentable,1
earlier,4
majoring,5
stone,1
preoccupied,1
package,4
industry,1
violence,3
favorite,25
inviting,2
side,18
forsee,1
addition,2
mugging,3
topeka,1
greatly,7
neighbor,2
discrimination,1
mixed,3
bond,5
road,11
partied,1
outlook,3
decreased,2
flawed,1
coupon,5
communication,4
skilled,2
child,6
blessed,2
innovation,1
involvement,13
lively,4
homeless,1
heated,2
elementary,1
adobe,1
valuable,1
lastly,2
nowadays,1
jayhawker,1
weeknight,2
cared,2
weight,2
pplied,1
log,2
prepare,8
immense,2
omega,2
strictly,4
racism,1
lol,1
christianity,1
kohl,1
start,29
racist,1
low,13
lot,498
colder,3
sylas,1
transitioning,1
valley,1
fish,1
allergic,1
restuarants,1
revamped,1
complete,5
rider,1
regard,5
interdisciplinary,2
independently,1
amongst,1
sophisticated,1
land,4
brain,1
strenuous,1
unreliable,5
welearn,1
trying,21
downstairs,2
buying,1
happening,15
pull,2
rush,9
october,1
applying,5
sears,1
pond,1
receptive,1
vice,3
breath,2
nightlife,30
organize,1
electrifying,1
compromise,1
outing,1
connect,7
strongly,5
toilet,1
laugh,1
cardiologist,1
saferide,16
taste,4
certain,28
describe,5
moved,4
deep,3
fellow,4
obesity,1
alarm,2
intro,3
tasty,2
together,30
file,2
logo,1
senate,4
politics,1
elimnating,1
heading,1
nerd,2
film,5
cream,4
incorrect,1
dished,1
inflated,1
yoga,1
idiot,2
personnel,1
crunch,1
novice,1
graduate,30
field,41
badly,1
valid,1
astronaut,1
mathematics,2
thousand,5
poor,12
polar,2
championship,12
mozzarella,1
classmate,1
obsessed,2
separate,5
includes,8
waving,3
important,27
massachusetts,16
suited,3
included,9
decorated,1
whne,1
pool,7
psychology,7
building,112
dabble,1
gourmet,2
remote,2
wife,1
controlled,2
requires,4
wifi,16
preppy,6
exhausting,1
sparingly,1
mass,92
hugely,1
missouri,6
apparel,5
upperclassmen,8
starting,12
original,1
represent,3
surrounded,7
forget,4
pointing,1
burgerfi,1
roman,2
forbidden,1
lack,15
dollar,10
splitting,2
month,9
evened,1
commute,3
deadline,2
upkeep,2
smoking,8
dish,1
follow,3
faster,1
religious,10
reasoning,2
unaccepting,1
apartment,105
remarkable,1
ignorant,1
lining,1
pledged,1
whoever,1
laid,12
thursday,14
removal,1
dance,4
doorms,1
program,225
kumc,1
painter,1
dressing,1
crimson,3
health,32
enjoying,6
presentation,2
unfurnished,1
case,9
belonging,1
woman,13
premium,1
worse,7
straightforward,2
sitting,3
far,113
horror,4
debit,1
fat,1
scout,1
fan,35
minded,5
decide,6
fall,36
awful,15
laser,1
ticket,36
manageable,7
ramen,3
condition,5
vitually,1
heaven,1
alma,4
cable,3
evaluation,3
celebrity,2
gtaships,1
list,9
joined,5
brewery,2
large,72
sang,1
scrapping,1
mile,10
littered,1
small,74
biological,2
referred,1
appointment,5
correct,2
approximately,1
neighborhood,7
ten,6
lucrative,1
harder,11
ameoba,1
tee,1
cash,4
past,17
burger,9
rate,9
availablity,1
design,9
pass,9
coverage,1
functioning,1
investment,3
abc,1
stood,1
cutest,1
sua,3
clock,2
skeptic,1
sun,3
section,10
associate,1
vanilly,1
stoop,2
favored,1
version,1
graduateed,1
undecided,6
disbursed,1
learned,17
differnce,1
public,29
multitude,2
movement,1
devoted,1
outgoing,5
full,40
ferocious,1
negatively,1
loose,3
supposedly,2
forgive,1
daunted,1
promoted,1
selective,2
themself,1
tolerance,4
affectionately,1
irrespective,1
dismissed,1
greed,1
november,2
strong,12
observing,2
personable,2
lily,1
arena,4
search,5
spencer,3
colored,3
ahead,8
lag,1
splh,1
vegetarian,22
allows,16
qualify,5
experience,205
prior,4
amount,59
healthier,4
arent,1
social,75
action,7
luck,4
struggle,4
uniquely,2
cutter,1
followed,4
family,30
perpetuate,1
suddenly,1
marginal,1
transit,8
clique,4
layer,1
put,37
semester,65
aimed,2
trained,1
armed,1
attendant,1
select,1
readily,7
achievaible,1
attendance,7
eye,9
helper,1
lackluster,1
turnout,2
destination,2
petroleum,1
two,53
socialization,1
generate,1
resident,12
bottleneck,3
unapproachable,1
gorgeous,6
taken,25
kick,2
minor,8
flat,2
flaw,2
diamond,1
door,9
elicit,1
company,10
site,2
instrumental,1
tested,1
flag,1
notification,3
basically,10
broke,7
particular,9
known,48
hurry,2
producing,1
maryland,1
glad,13
wealth,2
town,197
respected,6
none,8
plagiarism,2
hour,62
canceled,2
science,32
racquetball,1
accumulated,1
roosevelt,1
dramatically,2
mall,3
sudden,1
nine,1
microwave,1
learn,29
knocked,2
male,5
history,19
beautiful,71
compare,1
embarrassing,1
challenging,24
adviser,5
snuck,1
share,11
mainline,1
accept,11
autumn,1
pushed,1
minimum,5
protects,1
attain,1
sense,19
station,10
pong,1
tolerant,1
robinson,1
arabic,1
garden,1
homicide,2
huge,61
respective,1
engages,1
court,17
goal,10
awkward,4
cheering,2
rather,31
breaking,4
utilize,1
stayed,3
rapport,1
quesadilla,1
burge,1
occasionally,7
perry,1
speeding,1
sophmore,1
unattended,1
synthesizer,1
idaho,2
plant,2
sandwich,5
okay,46
intended,3
rude,2
communicating,2
advice,6
par,4
reflect,1
replace,1
lighting,3
acquaintance,1
waver,1
faculty,28
ritalin,1
sloppy,1
authentic,1
response,3
mantainence,1
snotty,1
refuse,2
short,13
crowded,19
tweeting,1
shady,1
doctor,3
rowdy,2
overnight,2
volleyball,10
deserted,1
lgbt,3
responsibility,4
dream,10
playing,8
rounded,8
help,182
adult,4
pant,4
september,1
progressing,1
closeness,1
soon,14
trade,2
held,7
isnt,4
paper,16
flaunt,1
bouncer,1
brim,1
committed,3
hell,3
mcdonalds,1
suffer,1
forgiving,1
humid,5
unhealthy,2
style,14
consent,1
pray,1
fined,1
sale,2
shun,1
actually,34
late,42
feel,207
absence,1
ruining,2
speech,4
soccer,5
might,27
ally,2
lookout,2
goof,2
good,363
motivated,2
food,207
socially,4
floating,1
cupcake,1
shuttle,20
starbucks,1
foot,4
aka,1
traveled,1
complain,1
association,2
sucked,4
easily,30
frequented,1
holiday,3
intertwine,1
everytime,1
coping,1
always,345
presented,2
tear,3
legend,5
goofy,1
stopped,1
eager,7
gender,2
premed,1
found,31
athletics,34
friendship,6
mercy,1
heavy,6
status,2
everyone,201
mental,3
safebuses,1
museum,6
generation,2
house,147
energy,7
hard,130
idea,15
superstition,1
brother,6
engaging,8
sober,1
ball,1
expect,33
encouragement,1
bummy,1
beyond,14
event,75
really,310
takeing,1
flower,2
funding,6
alcohol,71
infamous,1
tailgating,3
since,56
discouraging,1
research,44
salvation,1
acting,1
perri,1
safety,49
hill,62
paradise,1
print,19
issue,41
caucasian,2
ass,2
resturants,3
belief,15
lawrence,325
squished,1
enforcing,1
gut,1
guess,6
pub,2
nationally,3
pleasant,3
difficulty,5
reason,38
base,4
cookie,1
brightest,1
imagine,14
ask,16
equipped,5
teach,21
earliest,1
beginning,14
plowing,1
bash,1
temperature,5
thrown,1
availiable,1
creepiest,1
needing,3
published,1
terrible,15
enforce,5
praise,4
terribly,4
american,14
expecting,2
unaware,1
hassel,1
daisy,21
consequence,2
heartbeat,1
neglected,1
fallen,1
assign,1
feed,4
connotation,2
major,160
locaiton,1
dont,21
upper,4
partiers,3
moderately,1
ghetto,13
number,45
fancy,5
antiquity,1
utilized,1
done,23
notify,1
climbing,3
bland,3
miss,15
similarity,1
conditioning,2
differ,2
guest,3
flock,1
partically,1
introduction,2
twenty,1
interact,5
swipe,3
threatening,1
gpa,27
least,26
paint,2
regulation,3
wonderful,24
expand,3
passed,2
master,7
hundred,9
store,18
headache,3
complained,1
selling,1
option,229
relationship,5
behind,7
undergoing,2
hotel,2
park,67
kitchen,3
luckily,4
part,123
drunkenness,4
clubbing,1
believe,41
unrealistic,1
inconvenient,3
schol,2
reflection,1
std,1
albeit,1
kind,65
grew,1
decided,1
professionalism,4
sparies,1
gotten,13
anticipate,1
instruction,1
filum,2
outrageous,2
mobility,1
socialite,1
architect,2
supposed,4
dispenser,1
toward,4
treated,10
booth,2
cleaner,3
motivation,1
uncomfortable,4
outstanding,8
wasnt,3
erie,1
alongside,1
recital,1
randomly,1
substantial,1
contest,1
cleaned,3
foamcore,1
showcased,1
lie,1
built,11
zero,3
depending,19
trip,5
essentially,2
self,9
cave,6
lit,5
majority,26
entirety,1
breeze,2
useless,1
finding,31
insufferable,1
gym,15
youre,1
club,69
play,12
experienced,8
electric,3
death,1
enticing,1
populace,2
eater,3
swiftly,1
reach,8
nighttime,3
mace,1
kap,1
sponsored,1
plan,42
eaten,3
undertaken,1
nothing,45
accepting,23
nationality,1
prestige,1
extremely,63
admitted,2
ticketing,3
demand,2
bumping,1
acedemics,1
incase,1
crossing,1
clear,4
humanitarian,1
cover,10
usual,1
traditional,7
charitable,1
chemical,1
cramped,1
disturbed,1
convient,3
clean,23
creativity,1
barrel,1
notch,6
blend,3
microsoft,1
lying,1
joining,5
stoner,1
nfood,1
particularly,4
slap,1
phenomenol,1
tri,1
fond,2
scattered,1
degrades,1
midwestern,3
hillside,1
prescription,1
booze,2
session,5
relation,1
hyped,3
excessive,3
sweaty,1
fine,19
find,190
impact,7
yoooooouuuuuuuu,1
giant,3
harassed,1
justice,1
nervous,5
ruin,3
writer,2
distributed,1
failed,2
indian,7
central,1
pretty,262
money,76
override,1
courseload,1
circle,1
dancing,1
accurate,2
reap,1
policing,1
hit,9
upstanding,1
meanwhile,1
custodian,1
express,7
sunny,10
grocery,3
imparted,1
cheaper,16
whistle,1
preparing,2
theft,4
international,27
encore,1
applebee,1
frightening,1
stomach,1
target,2
alchohol,4
unenjoyable,1
mccollum,17
snobbish,1
investigate,2
common,17
activity,59
obscure,2
river,2
precaution,1
locating,2
insane,6
scenery,6
set,36
art,32
tch,1
achieved,1
throwing,3
opposing,1
pleasing,2
instituted,1
arrives,1
sex,2
culture,25
see,101
individual,13
dumb,3
sea,1
protecting,1
close,86
materially,1
arm,1
cozy,1
alcoholic,1
shower,4
glue,1
dweller,1
expert,2
unsettling,1
movie,12
user,2
currently,24
please,7
slapped,1
powerhouse,1
pickup,1
smallest,2
various,25
probably,42
burned,1
champagne,1
transfered,2
available,140
solo,1
latin,3
recently,12
creating,2
missing,4
initially,1
sold,5
attention,15
overlapped,1
outfit,1
spray,1
succeed,23
verity,1
premise,1
pcat,1
dally,1
lap,1
ngovernment,1
league,1
useable,1
last,28
hesitant,1
restaurant,103
influential,1
barely,4
bachelor,5
foreign,15
connection,10
became,7
fraternity,35
forgotten,1
connivence,1
focused,7
mean,31
whole,21
insurance,2
subpar,2
liked,9
flier,2
bell,10
simple,9
sweet,4
loan,20
others,51
community,100
sublease,1
tennessee,4
simply,17
pharmacy,7
alumnus,14
campanile,1
rave,1
sing,1
throughout,49
mission,1
expensive,78
decline,1
worthless,1
invented,4
described,1
stating,1
create,5
acceptance,8
dud,1
due,14
dug,1
secret,4
extravagant,1
nother,1
maintenance,2
collected,1
pile,1
brick,1
meeting,24
empty,1
treatment,2
lived,43
flight,1
champion,3
gay,6
boy,11
fire,6
transferring,4
gas,2
wichita,1
else,42
towny,1
fund,4
pricey,13
gal,1
understand,16
representative,1
athletically,1
demolishing,1
instructor,11
maneuvering,1
extensive,2
unnecessarily,1
honest,3
stolen,2
frigid,2
look,63
solid,6
enrollment,4
tip,8
tolerate,1
budget,4
smile,3
crutch,1
rope,1
pace,2
sexuality,4
replaced,1
match,4
behavior,4
error,1
fun,164
kissing,1
biking,3
guide,6
pack,5
scheduled,1
pound,1
costly,3
hoping,3
enriching,2
dublin,1
overlooked,1
encountered,4
disappointing,1
ecstasy,2
obstacle,1
ready,13
preppies,1
requisit,1
ethnicity,7
increased,1
funny,3
lengthy,1
unlit,1
shirt,11
anymore,1
grant,12
belong,5
musicologist,1
rideshares,1
delicious,8
volunteering,1
emphasize,1
widely,6
survey,3
proved,1
dozen,2
composition,1
prerequisite,4
higher,11
development,1
sell,3
used,33
suggestion,1
infestation,1
mountain,2
bonus,1
assignment,6
yesterday,1
alert,6
wescoe,16
moment,5
walmart,4
moving,4
purpose,7
necessity,4
priceless,1
breathalyzer,1
dine,5
conveniently,2
anchutz,1
recent,4
recognized,5
lower,5
task,3
oncampus,1
picky,8
older,25
gallore,1
refute,1
suspicious,2
spent,2
analysis,1
obviously,14
person,44
cheer,5
edge,3
xacto,1
consistency,3
organization,36
chemistry,5
loveeee,2
spend,16
comprise,1
melting,1
ambassador,1
possibolities,1
mom,1
exotic,1
amp,2
cheddar,2
named,3
competitive,12
distracting,2
shape,2
openly,2
tennis,1
immediately,8
useful,7
alternative,5
conservative,2
discipline,3
conforming,1
opinionated,1
cut,2
also,278
informal,1
lady,2
admission,5
percent,1
guaranteed,4
fitting,2
source,5
studious,3
internal,1
previosuly,1
location,36
schoolwork,2
administrative,4
excited,14
surprised,5
generalized,1
ridiculously,5
complaint,18
manage,1
motivating,1
lacking,6
comparison,1
big,135
couple,21
unlimited,7
unlocked,1
judgement,3
vegaitarian,1
game,116
truely,1
probational,1
abound,2
studio,6
bit,41
like,321
knock,1
promising,1
success,13
semi,1
shaped,1
retake,1
follows,2
signal,1
incidental,1
seemingly,1
glove,1
underway,1
ignore,3
miami,1
continue,10
popular,37
fault,1
essential,2
eec,1
prank,1
pertaining,1
partying,22
often,62
agreement,1
absolutely,43
spring,28
creation,2
crapshoot,1
back,46
global,1
streaming,1
towards,8
mighty,1
pricing,4
sight,2
mirror,1
newsletter,1
delivered,2
scale,2
weirdo,1
sunbathing,1
bball,1
decision,17
integration,1
per,9
modest,1
religion,18
pounding,1
applebees,1
umph,1
tends,5
excluding,1
dating,1
minimal,2
run,63
literate,1
stricter,1
word,10
continuing,3
rug,1
affordability,2
overland,1
step,10
concealed,1
chant,9
chick,8
naismith,14
taboo,1
abroad,26
handled,4
sub,2
cautious,2
consumption,2
anything,49
netflix,2
kitchenette,1
completing,1
caribbean,1
smoothy,2
graduation,11
methodology,1
drama,2
range,22
regular,5
illegal,2
charm,4
hertz,1
bleeds,1
gamma,1
intramurals,5
thre,1
clinton,4
colorado,2
garbage,1
prideful,3
within,45
integral,1
shed,1
rearly,1
iowa,5
appropriate,4
anytime,1
icebreaker,1
primarily,2
conscientious,1
kus,1
lesson,2
germ,1
downhill,1
impressed,6
sad,1
introverted,1
spending,8
boasting,1
apparently,2
placing,1
question,31
bank,1
long,57
custom,2
camera,6
suit,5
forward,8
avoids,1
bored,10
scared,4
opposed,1
considerably,1
withholding,1
elsewhere,3
empasis,1
poster,2
relaxed,3
murphy,1
understands,1
vendor,1
hoped,1
properly,1
link,3
segregation,1
newer,5
delta,2
goosebump,2
line,8
pain,8
dull,3
posted,3
attribute,2
chiropractor,1
biggie,1
consist,3
jawhawks,1
barring,1
salvia,1
paired,1
accustomed,1
verification,1
mature,1
behavioral,1
continuously,2
highlight,1
fried,2
similar,10
medical,10
possession,3
sometimes,64
associated,7
worthwhile,5
stipend,1
coincides,1
unsafe,18
accessibility,1
engineering,44
diverse,70
evening,10
chat,2
thier,1
rally,5
cafe,7
denying,1
echo,1
rainy,4
veggie,1
granada,7
marching,1
fixing,3
towed,1
cohesive,1
reimbursed,1
occasional,1
application,19
reputation,12
electrical,3
transport,1
income,1
department,73
hymnody,1
manhattan,1
mock,1
nice,182
draw,6
apparent,5
energetic,1
wiggins,1
understatement,1
papa,1
prepared,13
helping,12
meaning,4
cater,2
allowing,2
smartest,1
prepares,2
quidditch,3
formal,1
unproffesionsal,1
ago,3
specializes,1
lane,1
voting,1
happier,1
practically,7
age,11
required,22
visual,1
walked,3
annoyed,1
impatient,1
cooked,3
beverage,1
fitted,1
enrolled,10
eats,1
fresh,3
inevitably,1
buffalo,7
evenly,1
essay,5
code,2
evidence,1
issued,2
resistance,1
produce,1
existing,1
enjoyable,11
baby,5
windy,9
hyper,1
classic,4
unmatched,1
barbecue,2
exceptional,3
strep,2
seemed,5
compact,1
birthplace,1
baseball,5
gold,2
vietnamese,3
concerned,5
young,6
send,3
housesand,1
dia,1
babysitter,1
excluded,1
visitor,3
suite,4
dislike,2
include,7
friendly,92
sent,7
ingredient,2
stocked,1
retire,1
wished,3
mainstream,1
dessert,2
listed,1
continues,2
kck,1
wave,1
forgiven,1
afforadable,1
graphic,2
putting,1
telling,4
drinking,54
lawrencian,1
timely,5
entire,23
recreation,4
respectful,6
ought,1
experiencing,3
button,5
shock,2
fabulous,1
kansa,379
try,44
brutal,1
race,13
limestone,1
dealt,1
partyers,1
havent,1
friendliness,4
challenge,13
related,8
someday,1
failing,1
smaller,19
compensated,1
pledge,4
punishing,1
overshadows,2
queer,2
pepper,1
mural,1
licensed,1
jump,2
recruitment,5
blowing,1
video,2
traveling,2
picked,5
pocketed,1
download,1
nmr,1
odd,1
click,1
graduating,1
hourly,1
maddie,1
power,5
junior,1
wallet,2
giving,11
corgin,1
assisted,2
schedule,16
expressed,2
availability,19
access,34
consistently,3
waiting,6
unreal,7
dominates,1
remain,1
attire,4
letter,4
psychiatrist,1
jayhawk,60
exercise,13
body,20
completion,2
ration,1
delighted,1
chose,18
degree,66
exchange,9
gathered,1
pushing,2
punch,2
asap,1
desired,3
explore,9
northeast,1
let,21
sink,1
fulfill,7
consideration,1
safer,5
loudest,5
fifteen,2
closing,1
extreme,7
settling,1
great,550
engage,1
talent,2
securing,1
passing,3
uneasy,1
receive,21
involved,90
larger,14
oversold,1
overwhleming,1
esque,1
leaving,4
headline,1
trashy,2
leadership,2
resulting,1
california,3
ashland,1
opinion,12
climb,1
mix,8
honor,15
involves,2
thats,4
examining,1
showing,2
firefox,2
apple,2
danger,9
win,13
shoved,1
dedicated,8
private,8
pasta,1
addressed,6
decrease,2
cripple,1
motor,1
cheerleader,1
limb,2
apply,31
chilly,3
singing,1
headed,2
grassy,1
standing,2
use,110
fee,14
crap,2
hippie,2
usa,1
iced,1
chi,2
seamless,1
hotter,1
next,28
armada,1
calculation,1
doubt,5
reciprocity,1
vehicle,7
silence,1
midnight,2
noisy,1
reflects,2
screening,1
sort,16
exit,1
stem,2
disgust,1
upcoming,3
porch,1
started,14
becomes,11
inclined,1
factor,9
visibility,2
meant,1
trail,2
train,6
quintessential,2
dentistry,1
budig,1
actual,15
unforgiving,1
appartments,1
chipotle,5
starter,2
charity,2
account,5
rice,1
practicing,1
salad,12
midterm,2
athlete,18
donut,1
passable,1
anywhere,42
obvious,6
thin,2
phog,4
universe,1
meet,57
pedagogy,1
interened,1
didnt,2
institute,2
proof,4
control,12
patrol,4
council,2
scrimp,1
process,57
lock,1
slim,2
tax,2
disruption,1
high,58
effectively,1
carrot,1
pulling,1
something,147
slip,1
offense,3
blvd,2
intramural,1
tan,1
locking,1
skirt,2
scrounging,1
rape,2
dairy,1
dominant,1
hesitate,1
educational,7
united,4
varied,3
memorize,1
sit,6
destroying,1
permission,1
hampshire,1
fortunate,1
delay,1
located,34
varies,8
sig,1
animal,1
instead,15
struggled,1
zone,1
intelligent,2
stand,9
fare,1
tension,1
administrator,2
entree,1
attend,47
stop,28
immersed,1
act,17
legging,4
collection,1
bothered,2
permanent,1
independent,3
frat,49
impssible,1
demonstrating,1
taco,3
pregames,1
npt,1
hawk,16
mold,4
beliefsm,1
efficiently,4
geek,2
purely,1
daycare,1
famous,3
concern,6
light,13
counter,1
arduous,1
interrupted,1
hum,2
element,1
carding,1
bakery,2
crazed,1
honestly,23
increasing,2
allow,14
healthcare,1
deeply,1
mentorship,2
jolie,1
discussion,5
refurnished,1
bathing,1
six,1
soggy,1
closely,2
diminish,1
unpalatable,1
move,11
meter,2
knowledgable,6
produced,2
nongreeks,1
including,20
copier,1
mentioned,2
arrangement,3
nasty,3
bunch,5
perfect,25
write,3
crunched,1
chosen,4
doable,1
inclusion,1
brook,1
lamp,1
accredited,1
winning,6
meantime,1
willing,33
choose,67
shy,3
grill,4
covered,5
criminal,2
dad,1
greater,4
material,15
bat,1
negligent,1
mention,7
hallway,2
overbearing,1
bothering,2
legendary,1
optimal,3
front,10
day,130
presidential,1
strive,2
ecstacy,1
february,1
ancient,1
contagious,1
nku,1
edit,1
sucess,1
billy,1
slide,1
doesnt,1
truth,1
shortage,4
funded,1
wilde,1
luster,1
erratic,1
intermix,1
activate,1
moped,1
transported,1
bump,1
weaved,1
chunk,3
strip,6
prorated,1
lfk,4
society,2
broadcast,1
measure,8
strictness,20
meth,2
sexual,34
wander,1
special,23
category,3
transportive,1
jaaaayyyyyhawwwwwkkkk,1
entertainment,5
spectrum,2
req,2
chaos,1
upset,1
dominated,3
max,1
malfunction,1
lecture,19
cause,7
integrated,2
math,13
shut,2
philosophy,1
umbrella,3
approached,1
shakespearian,1
spot,46
ipod,1
outdoor,1
attending,22
completely,16
ect,2
surely,1
advisor,24
early,28
prestigeous,2
tenant,3
scary,3
interaction,4
organic,3
handy,4
steal,1
could,100
area,102
florida,1
stereotype,8
keep,41
conversation,5
chicken,4
tack,1
qualification,1
adrian,1
timed,1
wrist,1
approaching,1
scare,3
south,3
mad,3
prospective,1
third,2
ethnic,21
powerful,2
touring,1
owned,5
hey,1
improving,2
hurdle,1
bitch,2
western,1
owner,4
reached,1
awarded,2
quality,41
straight,10
disaster,2
management,4
sadly,2
swept,1
strict,71
hunt,1
acadamia,1
felll,1
system,78
grow,4
priority,6
locale,1
attack,4
nspecial,1
wrapped,1
rated,7
perfectly,1
final,21
circulate,1
enforcement,2
testing,1
sloppily,1
gear,3
everynight,1
punish,1
explanation,1
acquire,2
disheartening,1
hitching,1
depressing,2
environmental,3
decorating,1
anyones,1
fuzzy,2
overwhelming,10
institution,6
updating,1
loved,16
glamorous,2
slack,2
boring,4
bother,2
townie,1
infectious,1
bed,1
limiting,1
claim,2
ngsp,1
appealing,2
defense,1
bind,1
embody,1
visited,7
doctorate,1
providing,9
safebus,25
occurences,1
drunk,14
enforced,8
lateness,1
lightly,1
comfortable,21
comfortably,3
enforces,2
need,137
exhibit,1
turn,11
demonstration,3
linked,1
viewed,2
gluten,1
catholic,2
microphone,1
afraid,7
angle,1
venturing,2
min,3
studying,32
frienship,1
able,52
mid,3
admittance,1
instance,3
mip,1
latino,2
pharmacist,1
soap,1
deposit,3
calculus,1
lenienent,1
unless,26
nalso,2
classy,1
procure,1
connected,7
cracking,1
tall,2
device,3
cabinet,1
expired,1
class,397
socializing,1
subjective,3
discourage,2
disrespecting,1
placement,1
nazi,1
landscaping,1
undeniable,1
eachother,2
gather,1
stronger,1
fafsa,6
face,9
looked,9
scrambled,1
knowledgeble,1
absurd,1
stashed,1
mechanical,3
occasion,4
skinny,1
painting,1
wow,1
fact,19
impression,1
atmosphere,78
selection,12
soroity,1
exclusive,2
violation,5
text,2
erupts,1
supported,9
overwhelmed,2
anyway,3
centralized,1
unbelievable,1
bring,19
planning,8
parked,4
bedroom,1
portfolio,1
rough,7
univerisity,1
pleased,12
staff,46
inspiring,2
promote,2
based,25
knowledge,13
posting,1
jay,3
temp,1
furnished,3
employer,4
tapa,1
surroundings,11
jam,3
employee,2
riding,6
chinese,10
handsome,1
local,64
achieve,4
regularly,9
jackpot,1
handle,11
watching,11
beat,3
familiar,5
dope,1
unbeatable,1
overall,72
lucky,3
joint,4
champ,1
beak,8
delgado,1
thrives,2
shaping,1
generalist,1
endless,9
following,2
pollo,1
glory,1
unauthorized,2
ended,4
deceives,1
numerous,19
undergrad,9
rapper,1
influenced,1
stuff,17
truey,1
processed,6
allegation,1
wish,44
renewable,3
gunman,1
grab,2
jccc,2
grad,7
view,10
spotted,2
knowing,4
requirement,19
notational,1
national,13
artsy,5
freeze,1
breathe,1
intensity,1
computer,134
driveway,1
skateboarding,1
sanity,1
expects,1
packed,12
closer,8
interacting,2
closet,1
attempting,1
nightmare,6
horribly,2
avaliable,3
finally,4
tend,17
favor,3
state,61
quickest,1
identification,3
closed,6
horrible,11
progress,3
neither,6
blocked,1
email,13
newbie,1
dirty,4
tore,1
comparable,3
exam,6
sorostitutes,1
opening,4
keg,1
joy,3
deliver,10
embarrassment,1
job,91
key,5
jog,1
police,72
weary,1
optional,1
thumb,1
figured,1
internationally,1
diligent,1
southeast,1
career,51
hashinger,7
taking,26
incident,8
drug,110
agree,2
fulfilled,1
etc,37
admit,3
ranked,15
atleast,1
jakes,1
greak,1
seeing,8
safely,7
journey,1
otherwise,12
comment,2
adjusted,1
torn,2
gone,8
wall,5
invasive,1
allocates,1
walk,87
running,10
genre,1
worldly,1
respect,7
narrowed,1
poeple,1
undergraduate,13
ellsworth,11
watkins,6
scanner,3
pouring,3
yay,1
outsider,1
tremendous,2
decent,33
trademark,1
led,2
cent,3
quiz,2
shame,1
tutor,3
blatant,1
attends,2
treat,4
yak,1
recognize,3
waste,6
spacious,1
mike,1
contribute,1
diversity,77
cop,10
reheated,1
route,36
sufficient,1
coherence,1
protect,3
weeeks,1
crappy,2
finished,5
ensuring,1
shortfall,1
bull,1
tastic,1
improved,3
general,22
present,8
volunteer,8
multi,1
plaid,1
welcoming,28
unlike,6
plain,1
appearance,1
value,15
promotes,1
chalk,30
stunning,2
deem,1
eaton,3
texas,1
country,47
wild,11
ammenities,1
advisable,1
instantly,1
frustrating,6
ill,1
supply,1
snack,4
amenity,11
ncaa,3
motif,1
ringing,1
cell,1
almost,72
blood,1
thus,6
surprisingly,3
surface,1
helped,15
spectating,1
inform,1
oftne,1
dual,1
watched,2
ave,1
uggs,1
sits,1
copious,1
tattoo,1
shooting,1
martini,1
perhaps,3
vintage,1
began,2
administration,13
cross,1
intra,1
member,15
adverse,1
strange,1
speaker,4
largest,4
underground,31
party,171
fill,13
tapped,1
difficult,73
spirited,1
alcohloedu,1
practice,10
alot,19
caters,2
eccentric,1
drink,37
upon,4
effect,5
bullying,1
overcrowded,1
enter,4
hasnt,1
student,886
discouraged,1
dust,2
frequently,10
sunburn,1
impeccable,1
lobby,4
warming,2
diabetes,1
poultry,1
center,80
lunch,8
nevertheless,1
restricted,1
incredible,17
well,210
circumstance,1
thought,8
sheer,2
fashionable,1
spectator,1
english,18
position,4
probation,1
drawing,3
latest,3
load,12
newest,1
heavily,5
boot,3
proximity,11
obtain,3
expremely,1
clinic,9
midday,1
distant,1
fishing,1
mildest,1
advertised,1
exemplary,1
skill,9
lately,4
roomy,1
generous,1
ekdahl,1
tight,2
residential,2
point,18
dinning,2
lake,9
realize,4
arrest,1
add,13
combine,1
attractive,16
citizen,5
usage,5
ohhh,1
smart,12
accomodate,1
homework,8
roofied,1
wont,2
branch,2
myth,1
government,1
checking,2
chancellor,1
haus,1
historic,2
five,19
know,137
burden,1
desk,5
practicum,1
racially,2
abe,8
offish,1
prominent,6
loss,1
necessary,16
helpful,111
lost,6
safest,1
vibrant,8
journalism,12
candy,1
loses,1
garage,4
dietary,4
lose,4
become,34
repressed,1
page,12
regardless,4
italian,2
accessible,28
gaining,2
exceed,2
unable,3
muertos,1
shabby,2
classical,1
smoothly,2
oftentimes,1
belonged,2
church,3
searching,3
library,124
hush,2
daylight,1
growth,2
warmer,1
socialize,5
choosing,5
recommendation,1
proper,5
home,105
liking,1
supportive,17
employment,4
recognition,2
happens,13
leaf,4
aesthetically,1
lead,5
unpredictable,7
literally,13
avoid,18
kettle,2
lean,1
thank,1
philosopher,1
rewarding,6
fountain,4
passion,1
prevelance,1
screwed,3
comical,1
leader,1
deciding,1
birthday,1
biology,18
noise,10
reaching,1
slur,1
selecting,2
journal,1
bowling,11
consuming,3
pressure,10
host,8
devil,1
prohibited,4
although,39
worthy,3
snapped,1
java,2
preventative,1
simpler,1
gained,4
seriousness,1
sister,5
quarter,3
lifestyle,3
pregame,1
getting,83
hookup,1
freedom,3
flake,1
statement,3
tongue,1
introduced,1
software,2
underage,27
kinda,3
previously,2
political,10
vivid,1
commitment,1
fundraiser,3
weather,90
promise,2
female,9
registration,5
capable,1
couldnt,3
revolve,2
utility,3
regarded,2
networking,4
additional,3
crave,1
rushed,2
transfer,7
housing,106
populated,1
trapped,1
buisness,3
celebration,2
noticed,5
spread,6
biggest,11
rode,1
touted,1
naturally,1
function,4
yellow,1
buy,10
north,4
stadium,14
bus,277
brand,10
basic,5
extended,1
delivery,7
privilege,2
construction,2
gain,9
nut,1
highest,3
chhhaaaalllllkkk,1
eat,87
partially,1
count,3
sending,1
made,68
wise,6
prevalent,6
evident,2
comfort,2
whether,25
dangerous,3
official,2
smooth,4
hosting,3
distract,2
excitement,2
record,3
cruel,1
converted,1
limit,4
cpa,3
adderall,2
problem,54
piece,3
informational,1
skating,1
diligently,1
irish,1
facilites,1
entering,7
intimidating,1
whatever,16
inadequate,1
domino,2
penny,2
templin,8
overhauled,1
emotionally,1
sibling,1
ind,1
sneak,1
education,63
girl,95
musicology,4
effected,1
renowned,3
compared,20
nlawrence,3
quot,2
variety,142
dressed,3
oak,1
scholarly,1
illinois,2
skateboard,1
book,11
gossip,1
witness,1
sick,5
toured,1
incredibly,11
conclusion,1
troll,1
illegally,1
francisco,1
star,4
monday,1
viably,1
knowlegde,1
june,1
ultimately,2
variation,2
stay,39
ole,1
alright,12
chance,16
experinece,1
additionally,1
tailgate,2
stranded,1
jackson,1
basement,2
gap,1
vein,1
upwards,1
eof,1
using,10
misnomer,1
interned,1
jewel,1
nhashinger,1
rule,31
casual,3
portion,3
diagnosis,1
uneducated,1
rebuilding,1
ticketed,2
