limited,22
philantrophy,1
raining,2
child,6
desirable,1
noisy,1
narcotic,2
four,13
nwe,1
protest,1
sleep,2
asian,12
hanging,5
consists,1
grandparent,1
attentive,2
oldest,1
integrity,1
derb,9
adorning,1
marching,7
increase,7
underclassman,2
scholastic,1
chinese,6
bare,1
eligible,3
electricity,1
stinky,1
diining,1
remodeled,3
socializes,1
abundance,1
bike,19
sweltering,2
recycle,1
teaching,22
pride,40
worth,28
updated,11
allergy,1
awarded,3
risk,6
geology,1
deli,4
dynamic,1
blanket,1
rise,1
costume,1
exception,5
introduction,1
stolen,2
every,159
transporation,2
rec,30
jacob,1
affect,10
dynasty,1
bringing,5
vast,1
scholar,3
progression,1
wooden,1
venue,1
wednesday,2
enforce,2
indefinitely,1
convenience,8
honor,17
red,2
enhance,2
ups,3
clothes,6
enjoy,70
farmhouse,2
entertained,2
expanded,1
force,5
tired,4
consistent,2
direct,1
chef,1
surrounding,12
second,16
fabulous,1
nthe,2
rigorous,1
estimated,1
panda,5
coed,3
even,140
hide,2
pace,1
hate,14
cooking,4
revolves,3
asia,1
wouldnt,1
bipolar,1
roadhouse,1
conduct,1
new,106
increasing,3
ever,55
discrimination,4
told,8
med,3
niche,5
kicked,5
festive,1
dow,1
micheal,1
never,97
weirdly,1
drew,1
anthropology,1
anacronym,1
protection,1
studio,6
cart,1
dorm,250
path,9
buddy,2
obtained,1
engraved,1
balance,1
study,99
economics,4
seamlessly,1
precede,1
credit,8
ect,1
mentor,2
partake,2
permit,37
military,9
aka,1
stipulated,1
settled,1
punishment,5
appropriately,1
fantastic,28
secure,5
campaign,1
secluded,1
disability,2
belongs,1
explained,2
schooling,2
highly,21
brought,7
patience,2
alpha,1
serving,2
socioeconomic,2
fixable,1
total,2
unit,2
charge,9
spoke,1
would,204
army,1
insecurity,1
sweater,1
overshadow,1
negative,6
craving,1
foster,1
music,17
asset,1
recommend,35
strike,1
indiana,1
bundled,1
type,33
tell,14
tolerated,1
paperwork,2
relax,4
successful,7
brings,4
expose,1
haha,1
award,2
hurt,6
phone,10
warm,14
varsity,10
former,1
excellent,33
jmc,3
mayo,1
hold,15
outdated,4
trait,2
must,21
shoot,1
word,7
room,60
restuarants,2
pursue,6
homepage,1
goodnow,5
work,148
worn,1
blooming,1
root,1
example,11
looooong,1
give,50
poyntz,1
organized,5
nonresident,1
pandemic,1
involve,5
crenelated,1
timer,1
want,157
scheduling,2
counseling,1
indifferent,1
absolute,3
audition,1
sideline,1
end,17
thing,219
provide,43
interacts,1
travel,9
sitting,1
copious,1
machine,3
completley,1
amazing,108
seniority,1
hopping,1
answer,8
gate,1
outragious,1
classify,1
massive,2
badly,2
lan,1
membership,1
honored,1
minority,13
beauty,4
mess,4
ladder,1
earlier,3
grading,2
lab,54
astoundingly,1
modest,1
lax,1
creativity,1
president,2
law,10
meaningful,1
lesbian,1
starlight,1
purchase,1
attempt,5
effective,5
recieved,2
certification,1
appreciate,4
scare,1
complaining,1
greek,286
maintain,7
green,3
jungle,2
polytech,1
decreasing,1
worst,9
inhabitant,1
lambda,2
order,19
wind,9
unsteady,2
thirty,1
restriction,2
finnancial,1
gumption,1
office,31
enter,6
welcomed,7
dreamed,1
fall,32
vary,8
satisfied,8
benefited,1
vastly,1
japan,1
rewarded,1
addmissions,1
manageable,5
deathly,1
fit,24
foriegn,1
personal,21
screaming,1
fix,1
recreational,10
racially,1
writing,6
better,83
pricier,1
production,2
differently,6
pack,1
easier,22
fil,3
versus,1
eventually,3
coffee,14
affected,4
woken,1
combination,3
spray,1
nutritional,1
workout,4
safe,176
collge,1
stickler,1
scene,44
break,11
band,19
roommate,36
warmups,1
nook,1
activivties,1
interrupt,1
comprised,2
lifelong,2
lenient,10
smoking,4
bread,1
drugee,1
grammar,1
meat,4
regularly,8
reasonably,6
finacial,1
arrested,1
chuck,1
grows,1
filling,2
spotless,1
victory,1
reasonable,23
fitness,2
went,23
entitled,1
meal,44
upc,1
mean,28
consolidate,1
lifted,1
whim,1
financial,90
rink,1
independent,3
series,1
profesors,1
gymnasium,1
january,1
applicable,2
tip,5
reader,1
taught,8
hosted,1
nin,1
saturday,6
large,68
drove,1
network,17
driving,22
useless,1
excepting,2
tomorrow,1
content,3
method,1
encourage,7
safety,43
rare,4
ihop,1
easiness,1
medicine,5
got,42
newly,7
size,29
forth,6
sliding,1
independence,1
foundation,1
assured,1
resume,9
threatened,7
little,103
free,71
standard,10
struggle,4
nto,1
stereotypical,2
greaat,1
wanted,18
knit,6
certified,1
competes,1
ate,3
logging,1
univeristy,3
ata,1
inexpensive,3
takeing,1
heading,1
creates,2
isi,1
ish,1
target,2
arrived,2
onto,3
bite,1
purpose,4
nsevere,1
already,18
daunting,1
proxemity,1
researcher,2
encouraging,4
rank,1
hearing,2
lovable,1
hook,2
quicker,1
downside,7
another,33
sober,2
bicycle,7
remotely,1
assortment,2
hood,1
basketball,63
renovated,12
service,58
smashburger,1
xii,2
top,38
euphoric,1
elevator,3
plentiful,6
needed,43
immodest,1
ton,46
listed,2
tea,1
percentage,4
john,1
bitter,1
ranging,5
damaging,1
listen,3
urban,4
ceiling,1
hangout,9
intermittedly,1
centered,3
frowned,1
tool,9
diversified,1
serve,8
took,11
inch,1
japanese,1
bookshelf,1
wrapped,1
shoulder,1
somewhat,14
wardrobe,1
requisite,2
positively,2
december,1
distance,36
trek,1
bosco,1
scenario,1
occassional,1
discriminated,1
hike,1
hibachi,2
tree,6
likely,11
preparation,3
matter,29
street,23
silly,1
speaking,4
iron,1
hottie,1
wheni,1
feeling,27
minus,2
raf,1
fashion,2
willingness,2
exploring,1
ran,1
navigate,3
modern,8
mind,12
mine,2
arby,2
anybody,5
talking,9
seed,1
unappetizing,1
manner,4
rap,1
seen,45
seem,54
lbj,1
seek,1
alive,4
relatively,22
forced,2
genuine,4
hispanic,3
convenient,26
latter,1
responsible,7
gripe,1
snow,33
thorough,1
casual,1
oriented,6
recommended,3
causing,2
tore,1
educator,4
curfew,1
involed,1
blue,17
princess,1
nobody,1
committing,1
though,108
nmany,1
fasfa,6
mashed,1
anatomy,2
extending,1
regular,9
mouth,1
culminates,1
plenty,90
organization,31
phase,1
anoter,1
expanse,1
jean,1
parting,1
opted,1
hut,3
assisting,1
chemistry,4
alumna,1
observation,2
footage,1
emailing,1
professor,203
camp,1
nighttime,2
dog,3
doe,70
judgmental,2
definitely,65
tech,5
principle,1
thunder,1
hotdog,1
germany,1
scream,2
came,21
reserve,1
renting,2
saying,4
selected,2
bomb,2
overpriced,8
contacted,1
confront,1
withstand,1
visitor,6
slashed,1
sexist,1
wishy,1
stepping,3
participate,17
earth,8
enjoyed,23
occcassion,1
busy,17
layout,1
curricular,3
menu,9
guidance,2
negligible,1
bust,1
athletic,30
judged,1
rich,2
pursuing,5
integrate,1
longhorn,1
adequate,10
boyfriend,2
laptop,17
personality,8
wearing,6
mixture,2
klein,1
solid,1
hunt,1
hostility,1
stop,21
unfair,1
pocket,2
shutting,1
remnant,1
despite,13
report,3
happiest,2
economical,1
represented,2
nurse,2
unfortunately,4
earn,4
overbearing,4
bar,97
pressed,3
nicely,6
officially,1
rowing,3
excel,2
animation,1
consisting,1
twice,5
bad,79
architecture,27
rival,3
steak,1
keg,2
transforms,1
respond,3
mandatory,2
human,11
fair,32
denomonational,1
sensitivity,2
extremly,2
recruit,2
recieve,2
depends,26
decided,8
result,3
nontraditional,3
fail,3
weird,6
bee,1
best,191
subject,13
brazil,1
said,14
pressured,3
away,60
interviewing,1
gentleman,1
continually,3
score,9
finger,2
hopefully,3
yogurt,2
drawn,1
electric,1
previous,2
approach,6
insult,1
skimpy,1
wage,1
lazy,2
men,15
nature,3
rolled,1
handful,3
weak,1
however,118
mhk,1
harvard,1
wear,12
extent,1
dedication,2
cousin,1
motto,2
debt,4
doctorate,1
roller,2
improve,15
received,32
climate,4
accident,1
sanitation,1
reported,5
country,47
cup,1
heating,2
gotten,9
participating,3
hummus,1
planned,2
necessasrily,1
halo,1
pita,3
china,3
flustered,1
expense,3
acceptable,3
admission,10
con,7
pre,16
jurisdiction,1
tough,15
listening,1
hardworking,1
nightlifer,1
gathering,3
advancement,1
helpfulness,1
active,7
written,3
affiliated,2
loaded,3
blonde,1
trust,2
kick,1
november,1
speak,8
conference,7
bathroom,17
iraq,1
basis,4
union,62
binge,2
patrolling,5
three,11
quickly,24
confident,3
beer,3
much,220
detrimental,1
substandard,1
stadium,28
basic,3
expected,13
flexible,4
entered,2
lovely,1
traversing,1
pro,6
riley,4
questioned,1
website,5
dry,1
life,235
recomend,1
relaxing,1
hiring,2
concerning,1
mcd,1
worker,4
marijuana,4
chill,7
craft,3
slap,1
personally,32
catch,6
aviation,7
worked,8
sad,1
spin,1
wildcat,45
applied,8
physician,1
inhibit,2
east,5
tank,1
conviction,2
plasma,1
originate,1
mater,1
air,4
near,34
activites,1
suppose,4
stopping,1
aid,98
cracked,1
anytime,5
drs,1
mistake,2
bin,1
stink,1
changed,7
existence,1
played,1
exceptionally,1
sushi,1
losing,1
cramer,1
distressed,1
player,7
cant,3
eighteen,1
brutal,1
exterior,1
inviting,3
mouse,1
ring,1
trusted,1
grown,4
diversifying,1
lacking,5
afterhours,1
perform,2
suggest,8
make,198
ops,3
airport,3
scholarsips,1
beside,1
complex,48
inventory,1
unfortunate,2
vegetable,2
several,51
showing,5
definately,1
advertising,5
fairly,54
historic,2
smoke,1
catholic,1
declaring,1
pick,15
hang,31
workforce,1
rain,10
greeted,1
qdoba,1
renaissance,1
mugging,1
ownership,1
redneck,3
palpable,1
bramlage,1
opportunity,114
nit,2
kid,12
spotty,3
kept,11
thy,1
cross,1
youre,1
smoker,3
tho,2
academic,65
charity,1
academia,1
roomsync,2
greatest,11
mother,4
alabama,2
underestimated,1
fittest,1
left,3
seasonal,2
trainer,2
graded,1
versed,1
yea,1
sporting,22
whatnot,1
rush,4
aside,1
capd,1
financially,2
thanks,2
victim,2
yes,8
impecable,1
yet,48
divide,1
washy,1
note,4
monitored,1
instance,3
cornell,1
ease,3
character,5
ideal,3
pharmacy,1
milky,1
shout,2
spread,5
transformed,1
board,3
easy,172
technological,1
supervisor,1
save,5
hat,5
ethnicties,1
gave,5
opt,1
independently,1
usable,1
insensitive,1
phenominal,1
mediocre,2
knock,1
survival,1
vulture,1
possible,20
arab,1
possibly,1
cultural,7
expperience,1
background,27
sorority,75
judge,3
shadow,1
unique,27
egar,1
rumor,2
apart,18
desire,3
bro,3
geeting,1
visible,8
candidness,1
shaped,1
vegan,1
unnecessary,2
jerk,3
specific,11
informative,1
officer,14
night,149
moral,1
security,42
signal,3
antique,2
charm,1
beneficial,9
right,70
old,34
creek,1
crowd,11
people,515
sends,2
dishonest,1
proudly,3
somehow,2
dead,5
nfrom,1
neve,1
born,1
intern,1
printer,11
hassle,7
election,1
critique,1
pain,2
harassment,3
confusing,5
sociology,1
dense,1
hankering,1
bottom,2
purple,32
phenomenal,7
ear,1
opposite,2
ice,10
creative,3
everything,79
icy,1
asking,3
landscape,1
someway,2
umi,1
christmas,1
participation,3
overrated,2
unequipped,1
core,5
particular,6
incidence,1
peel,2
suitemates,1
marketing,2
dental,3
bolo,1
discount,22
cheating,5
buffet,3
architectural,4
peer,13
memorable,1
post,6
super,36
trophy,1
shivering,1
yelling,2
cowboy,4
meow,3
acquire,1
inferno,1
accepts,1
assault,7
surround,4
dinner,13
dined,1
plus,28
afternoon,2
cherish,1
shared,5
slightly,3
automatically,1
definetely,1
nerve,1
raised,2
contains,4
thermostat,1
facility,88
civil,6
infraction,1
obtaining,1
bound,3
bath,2
accommodate,4
thankful,2
explain,4
furnishing,1
trafficked,1
abduction,1
dean,3
renovating,2
parade,1
strangely,1
rely,1
america,2
deal,37
goodly,1
amazingly,3
support,61
tennis,4
populated,1
vision,1
interning,1
stuck,6
accordingly,2
way,129
greatness,1
call,45
happy,33
lowest,2
head,6
medium,4
eachother,2
offering,7
offer,94
attempted,1
becoming,9
spike,1
lawn,2
ford,11
wireless,26
failure,2
heat,6
hear,19
stand,11
true,10
knack,1
absent,1
admiration,1
inside,5
socialize,3
strongest,1
lawd,1
economic,6
adore,1
neighboring,2
aggievile,1
lighted,1
propaganda,1
originating,1
proud,16
liberal,5
moore,8
disciplinarian,1
classic,13
upset,1
tournament,1
facilitator,1
hungry,2
somebody,3
sometime,1
exist,4
fashioned,1
machining,1
request,2
accounting,5
awhile,5
annoying,12
check,10
physical,1
holla,1
write,5
smelt,1
faithful,1
pledging,1
floor,42
whereas,2
wary,1
generally,31
handed,1
reality,1
composite,1
suburban,1
interested,21
role,2
holding,3
digital,2
test,6
becuase,2
smell,1
roll,4
picture,2
hurled,1
cab,1
surprise,3
welcome,20
polite,4
hotelish,1
ensured,1
journey,1
invested,4
reign,1
variable,1
aware,10
weekend,60
dispersed,1
comfortabel,1
marlatt,5
happening,13
potato,2
assume,3
typically,7
nthis,1
daily,6
jacket,3
aerobic,1
loyal,4
classmate,7
time,278
push,8
serious,10
basically,15
convienient,1
coach,12
stressed,1
chain,18
switched,2
dance,7
skip,2
global,2
focus,15
manager,3
mile,7
grateful,1
skiing,1
understandable,3
umberger,1
mill,1
abundant,3
milk,1
row,1
devoted,1
vet,11
hurry,2
depend,3
clarification,1
zone,3
striving,1
technique,2
passage,1
environment,64
answered,3
finally,4
negativity,1
managment,1
cnc,1
adviser,18
indoor,3
string,1
advantage,7
evolves,1
scoreboard,1
navigable,1
keeping,6
unfamiliar,1
choice,48
bustle,1
artwork,2
cook,3
join,25
trouble,26
blast,7
betterment,1
minute,36
cool,27
impressive,1
level,20
cooky,1
camaraderie,1
registered,2
gun,1
disease,1
leave,13
item,3
soooo,1
settle,1
excellence,1
subway,4
team,106
quick,10
guy,43
round,5
unaware,1
shoe,1
ville,9
spiritual,2
talked,5
slower,1
regret,4
epaw,1
trend,2
repetitive,4
sign,5
affiliation,2
colin,1
cost,68
clearing,1
decides,1
eating,10
bake,1
fear,4
rapist,2
educate,2
stressful,10
concetration,1
cleanliness,1
assistance,14
celebrated,1
trixy,1
uniform,2
current,7
goer,2
international,28
filled,9
cleaner,1
supporting,5
educating,3
transportation,55
submitted,1
activist,1
understanding,12
water,6
fluke,1
slow,14
baseball,9
alone,35
along,38
teacher,89
change,32
wait,15
box,2
boy,17
enroll,3
novelty,1
incoming,13
noticeable,2
hotties,1
healthy,22
impacted,1
steifel,1
funded,1
commonly,3
expulsion,1
accomplished,2
suggestion,2
usually,95
conveniently,5
homecoming,5
genuinely,11
safewalk,1
winner,2
love,269
defensive,1
hiking,1
extra,21
problematic,1
merely,1
prefer,16
gouging,1
graduated,1
flexibility,3
fake,7
atrocious,2
rarely,21
crisis,1
market,3
sky,2
everybody,14
discus,3
working,31
homesick,1
perk,3
positive,12
visit,20
abroad,9
live,160
going,128
sleeping,1
opposed,1
memory,4
wanting,6
associated,3
thru,1
checkout,1
today,4
loving,5
chapter,8
entrance,2
sharing,2
reworking,1
club,68
share,11
fiaid,1
curriculum,16
limitation,1
leaving,3
downtown,7
cautious,1
everywhere,37
employed,1
olive,2
enclosed,1
effort,9
easiest,4
behalf,1
mascot,2
fly,2
valued,2
slogan,2
deserved,1
stater,2
car,61
array,3
believer,1
cat,16
flagship,1
soup,3
labeled,1
printing,35
achieve,3
stature,1
growing,12
making,33
almuni,1
slightest,1
cad,2
geeky,1
heart,6
dedicated,5
ordeal,1
nursing,1
figure,3
expanding,3
awesome,62
sense,14
glitch,3
confused,2
topic,8
heard,51
slows,1
dropped,2
council,2
allowed,17
chic,1
counting,1
clothing,3
occur,4
ther,1
organizes,1
monitoring,1
winter,29
discussion,4
exceptional,3
ping,2
magazine,1
chemical,4
till,2
sunday,9
criterion,2
fourth,2
familiar,1
tile,1
ensure,3
adamant,1
guarantee,4
eight,3
pathway,1
economy,4
map,1
staying,9
designer,1
laundry,5
mat,1
illicit,2
information,26
may,48
freezing,6
slush,1
annoyed,1
spot,72
respective,1
informs,2
mac,10
produce,1
designed,5
crappiest,1
date,17
drastic,1
suck,10
april,2
grow,7
man,6
classroom,23
stress,4
natural,1
remember,8
johnson,1
whenever,14
maybe,4
arrange,1
applicant,2
attainable,1
inform,3
switch,2
truck,5
gamma,3
sudler,1
basket,2
representation,2
tutoring,16
talk,33
typical,16
drunken,1
exclusive,7
breaking,3
intramurals,5
indeed,1
wishing,2
unacceptable,1
feature,4
decently,2
course,83
nmain,1
supervised,1
differs,1
cold,26
still,115
stir,1
jock,2
dreading,1
roomates,1
police,80
thank,1
internationally,1
acknowledge,1
duplex,1
interesting,13
presence,4
encompasses,1
hot,30
shallow,1
attraction,11
window,2
gts,1
spacious,7
managememet,1
farmer,3
policy,33
mail,2
main,33
texas,1
happened,5
non,44
wesch,1
finance,3
gray,1
smarter,1
sooner,1
nation,15
interview,3
qualified,2
conquer,1
half,10
pinnacle,1
hall,113
maintaining,2
matched,1
wont,4
workload,16
equality,1
name,6
sophomore,6
uncertain,1
drop,9
locked,2
realistic,2
beg,1
outrageously,1
rock,9
entirely,3
regulation,2
individually,3
married,2
significantly,2
bursting,1
challenged,3
switching,1
treacherous,1
yeah,2
borrow,1
catching,2
sponsor,1
entering,4
nightlight,1
happen,8
morning,10
intended,1
finical,2
living,116
ultimately,2
cafeteria,7
undergoing,4
space,26
profit,1
furthermore,3
worshiped,1
looking,51
seriously,14
wholeheartedly,1
rational,1
internet,18
pizzeria,2
receiving,10
correct,2
assurance,3
overflowing,2
rebuilding,1
attended,11
monster,1
reactor,4
million,5
possibility,3
quite,39
unfriendly,1
flyer,2
california,1
demanding,2
besides,13
obligation,1
slumlords,1
accommodation,2
card,5
care,59
advance,4
training,4
fixed,3
language,3
ministry,1
shcolarships,1
transition,6
wrong,7
property,2
honest,4
demographic,1
turn,7
place,305
undesirable,1
bothersome,1
swing,7
router,1
promotion,2
think,95
programing,1
first,95
blind,1
cheese,2
constantly,16
hoppin,1
enhances,1
spoken,1
srats,1
coming,32
potter,6
requirement,13
one,322
opprotunities,1
ecology,2
specifically,11
directly,6
spanish,2
carry,4
impossible,12
message,5
fight,4
open,59
cheesy,1
dole,1
engineer,17
rented,2
city,65
given,23
necessarily,3
checked,2
waffle,1
district,9
lap,1
caught,17
participates,2
dressed,1
response,4
anyone,64
encourages,3
cooling,1
terrifying,1
escort,10
typing,1
legally,1
white,35
participated,3
friend,172
useage,1
nutrition,3
mostly,52
floppy,1
season,27
continuous,1
accurately,1
cheerleading,1
sociable,1
ridiculous,6
packet,2
tuttle,1
butt,3
quad,2
copy,1
representing,3
appreciated,2
meshing,1
population,24
wide,35
television,2
third,4
crack,2
require,5
resemble,1
transferred,7
serf,4
kinesiology,5
future,34
bag,1
venture,1
coat,2
accessed,1
counselor,4
janitor,1
proactive,1
unfortunetly,1
prospect,2
troublesome,1
tasted,1
nicer,9
zile,12
turned,1
vendor,1
alley,1
crossover,1
prestigious,2
say,77
rent,8
amateur,1
breakfast,5
saw,5
elsewhere,5
publicity,1
form,11
encompassing,2
efficient,5
coliseum,1
jardine,11
snowy,3
foreigner,1
consortium,1
hotspot,1
zoo,5
terrific,2
dining,122
emphasis,5
potential,4
take,126
repeatedly,1
online,14
interior,2
performance,8
similiar,1
encouraged,6
visitation,2
ultimate,2
butterfly,1
younger,4
begin,9
sure,74
multiple,21
equestrian,3
theatre,6
normal,9
track,7
price,34
knew,7
clearer,1
paid,11
rehearsal,1
boiling,1
beta,1
occurred,1
ethernet,2
freshman,85
librarian,2
coveted,1
forever,6
especially,76
flawlessly,1
considered,9
gyro,1
average,45
adopt,1
drive,28
wing,6
managing,1
properly,1
sunset,1
carpooling,1
arguably,1
professional,15
senior,7
sigma,1
landlady,1
shop,20
rating,2
walking,99
frustrates,1
spaced,3
mugged,1
show,29
cheat,1
speakeasy,1
hamburger,3
cheap,15
merit,1
discovered,1
bright,2
therapist,1
inconsistent,1
sketchy,2
mexican,4
thriving,2
ground,8
upgrade,1
ratio,6
opionion,1
title,1
caters,1
enough,68
texture,1
crime,22
wood,1
black,1
hockey,3
equipped,1
enthusiasm,2
posted,1
respectable,1
alcoholism,1
awareness,4
probabation,1
ranking,1
unsure,1
correctly,2
get,552
assistant,10
transporatition,1
horrible,4
designated,10
expectation,3
truly,35
tailor,1
nearly,10
ged,1
gen,5
secondary,5
blizzarding,1
regarding,2
resource,36
artist,1
isnt,6
worried,6
sum,1
privacy,5
conundrum,1
stupid,3
source,1
landlord,15
pricy,1
finishing,1
worrying,1
husband,2
ignored,2
declared,3
honesty,2
ken,1
physically,1
station,12
splish,1
seat,6
relative,2
paroling,1
college,264
anyways,5
parking,220
stigma,1
sport,133
mcdonalds,2
concern,8
inconvenient,2
fails,1
satisfying,2
camping,1
bicyclist,1
federal,2
review,7
proffesors,1
definite,2
sponsorship,1
dormitory,3
gambino,1
outside,41
nicest,7
enjoys,4
reading,1
across,26
affordable,19
notice,5
infrastructure,1
parent,16
parental,1
philanthropic,2
screen,2
nerdy,1
citation,1
prowler,1
guitar,1
concentrate,4
para,1
nationality,5
chick,1
come,112
martin,1
concentrated,1
reaction,1
rushed,1
talented,2
many,439
region,1
quiet,13
contract,1
called,16
somewhere,21
tour,6
dated,2
expression,1
backpack,1
nearby,6
duty,2
among,8
madness,1
cancer,1
color,14
lace,1
pot,3
period,4
football,130
mccain,1
pole,7
anti,1
learning,34
polo,1
proved,1
poll,1
sledding,2
tornado,2
caring,9
unusual,1
nope,1
tow,1
capable,2
stretch,1
west,6
locally,2
informed,1
mark,3
breath,1
matured,1
dependable,1
combined,1
unsociable,1
rancher,1
hardly,7
exhaustion,1
disappointed,2
direction,6
educated,1
shopping,21
favoritism,1
influence,1
offered,28
blessing,4
homely,3
eviroment,1
cent,2
wake,1
backgroiunds,1
careful,10
irrelevant,1
spirit,50
yesterday,1
pilot,5
sound,7
kappa,4
developing,6
accommodating,4
engineering,69
ncoming,1
trick,1
warning,3
ongoing,1
pizza,15
residence,24
cancelled,5
situation,17
ngihts,1
orientation,9
park,43
soil,1
telephone,1
dedicate,1
sprained,1
middle,16
good,333
galore,1
mcgregor,1
return,4
wisely,1
technology,11
everyday,8
worry,13
tourist,1
different,176
pas,17
participant,3
harsh,2
doctor,2
pay,46
granted,1
creaky,1
bowl,7
immense,3
trip,8
figuring,1
busted,2
honeywell,1
coworkers,1
patrolled,1
deference,1
struggling,3
incrediable,1
berry,1
week,53
extended,1
closest,4
socially,2
assist,11
driver,17
weed,1
driven,1
running,7
fruit,3
wired,1
arose,1
advertisement,1
changing,14
tapatio,1
totally,5
tradition,12
renewable,3
drain,1
theater,3
largely,2
minimize,1
coursework,2
replace,1
schooly,1
severe,2
without,39
bottle,1
reward,3
canceled,2
amazed,2
scholarship,104
taxi,6
summer,29
outdoor,5
unlit,1
prowl,1
knowledgeable,9
rest,16
personaly,1
recycled,1
violent,1
relevant,1
aspect,17
ethinic,1
touch,1
gdi,1
flavor,1
speed,9
weekly,2
blow,1
doctoral,1
death,1
legitimately,1
hint,1
thinking,3
rental,5
seems,54
except,15
improvement,5
verse,1
setting,8
pile,1
association,1
versa,1
encounter,1
overhead,1
exceeds,1
real,18
consumption,1
underaged,2
around,219
spectacular,3
read,4
inforce,1
seminar,1
early,24
traffic,2
preference,1
politely,1
vacuum,1
using,8
accepted,21
recipient,2
outlet,2
furniture,1
stranger,3
lifetopia,1
dunn,1
everytime,3
maintained,5
benefit,9
either,32
robbery,1
fully,2
served,1
upside,2
passionate,7
endorsed,1
reduced,1
auditorium,1
seating,1
psychological,1
jayhawks,1
competition,3
cancel,1
lobster,2
respect,4
diving,1
racial,7
divine,1
floured,1
provided,18
mood,2
substance,1
poorly,1
manhatten,1
shirtless,1
lend,1
legal,2
conservative,14
critical,1
hipster,1
provides,29
rundown,1
remind,3
inhabited,1
moderate,2
willie,2
hustle,1
considering,6
biased,1
felt,48
assembly,1
power,3
intimate,1
internship,76
communicate,2
cliquey,4
tuition,13
notably,1
broken,5
leadership,9
oppertunities,2
hectic,1
sixty,1
leftover,1
exciting,12
aide,2
throw,3
outsider,1
comparison,2
stone,2
central,4
ace,1
package,1
roar,1
smear,1
industry,16
violence,3
favorite,33
drag,2
side,23
informing,1
addition,17
fell,4
topeka,2
airline,1
neighbor,1
act,16
mixed,2
husker,1
bond,1
backup,1
provisional,1
road,9
quietly,1
inclusion,1
coupon,8
communication,3
image,2
signing,2
rolling,1
involvement,8
lively,1
determine,2
einstein,1
elementary,4
adobe,1
annoys,1
lastly,1
nowadays,1
weeknight,1
cared,1
fast,37
lof,1
prepare,4
area,96
omega,1
strictly,3
hey,2
lol,1
christianity,2
start,33
racist,1
low,13
lot,447
colder,4
slowly,2
transitioning,1
valley,1
wobbly,1
botto,1
miserable,1
complete,11
positioned,1
regard,4
pleased,4
delayed,1
hiccup,1
land,2
intoxication,2
walkway,2
unreliable,2
trying,25
downstairs,1
buying,2
faster,3
pull,2
hire,3
october,1
applying,9
improved,10
bachelor,2
nearest,1
reapply,1
dirty,11
politically,1
agree,1
connect,5
strongly,4
acclimated,1
saferide,11
cinema,1
taste,8
certain,30
describe,1
moved,3
deep,3
general,28
prideful,1
alarm,1
intro,5
tasty,2
together,36
smores,1
girlfriend,2
lifetime,3
explains,2
spends,2
fill,23
bran,1
konza,2
idiot,1
deserve,2
farther,4
graduate,23
field,40
valid,1
lifestyle,5
alchoaledu,1
trash,1
thousand,1
gaining,2
polar,3
formed,1
reception,1
obsessed,1
separate,5
shelter,1
symbol,1
enrolled,4
overreact,1
includes,6
hardware,1
important,30
suited,1
fresh,7
included,8
revolve,2
invloving,1
pool,4
psychology,8
building,113
shipping,1
remote,1
wife,1
waived,1
requires,8
wifi,16
eatery,2
preppy,1
collegiate,1
exhausting,1
observe,2
mass,5
prerequisite,1
alright,6
upperclassmen,7
starting,7
legend,1
freaking,1
represent,2
since,45
consider,8
pointing,1
caused,1
beware,1
lack,15
dollar,9
alerting,1
month,24
classy,1
concept,1
deadline,2
fairness,1
dish,3
follow,11
adhere,2
religious,14
mne,1
equipment,5
apartment,90
remarkable,1
hunting,3
fellowship,1
ignorant,2
laid,6
thursday,5
removal,1
tail,1
program,238
dairy,4
dressing,1
manhappiness,1
smile,9
enjoying,2
midwest,8
norm,1
roadway,1
paying,10
belonging,3
woman,13
appointment,9
worse,4
returning,1
far,118
horror,1
icat,2
inconsideration,1
personnel,1
psychologist,1
fan,46
minded,4
decide,8
polytechnic,2
awful,5
predominately,2
ticket,36
difference,6
condition,6
treating,1
illustrated,1
mild,1
cable,1
diet,1
remodeling,1
awsome,2
list,5
joined,6
handsome,1
caucasian,2
reminding,1
sand,2
adjust,2
steakhouse,1
harry,8
small,144
bench,1
chipolte,1
economically,1
approximately,2
neighborhood,4
envrionment,1
ten,6
harder,9
skin,2
inconvienent,1
past,12
burger,8
rate,5
design,15
perspective,8
pass,10
investment,3
hick,1
sub,4
witnessed,1
investing,1
sun,3
section,20
associate,4
nand,1
ethnically,1
learned,16
retention,1
racing,1
public,34
multitude,2
movement,1
unbearable,1
outgoing,8
full,51
christian,7
promising,1
component,1
certainly,5
promoted,2
beacon,1
selective,1
tolerance,3
yummy,1
epitome,1
strong,23
observing,1
personable,5
arena,1
geared,1
search,5
bible,2
teeth,1
ahead,5
fielding,1
introductory,1
allows,13
qualify,2
experience,154
prior,6
amount,63
healthier,4
arent,5
partaken,1
social,63
action,7
enrolling,1
narrow,2
sticking,1
via,2
shuffle,1
family,191
marginal,1
transit,3
clique,6
layer,2
put,31
semester,61
aimed,1
trained,2
armed,2
privelege,1
readily,4
taeks,1
attendance,7
eye,7
bicker,1
distinct,3
destination,5
texting,2
two,51
vote,3
laboratory,1
almost,51
splash,1
gorgeous,5
taken,25
homework,17
achieving,1
minor,9
teen,2
lowering,1
flaw,2
door,16
incentive,1
company,15
enormous,2
surprisingly,1
stick,6
varying,3
known,27
doom,1
karaoke,1
glad,9
town,228
respected,7
none,6
plagiarism,1
hour,72
cluster,1
science,40
created,2
occurs,2
mall,19
escorted,1
nine,1
learn,44
male,8
history,8
beautiful,61
compare,5
prompt,1
challenging,19
medical,3
division,2
neglected,3
accept,8
pushed,3
minimum,6
protects,1
wet,3
purchased,1
arise,1
phrase,5
pong,2
flint,2
dress,14
bonded,1
charged,1
huge,74
stil,1
obnoxious,3
court,10
goal,11
terribly,1
rather,20
comfort,5
utilize,1
stayed,2
unlucky,1
occasionally,2
speeding,2
cst,1
unattended,1
plant,2
sandwich,6
okay,22
tried,4
rude,9
communicating,1
advice,7
signature,1
par,3
reflect,2
consequence,6
catalog,1
plane,1
lighting,6
seemingly,3
faculty,54
develop,3
bloom,1
plank,1
breathtakingly,1
refuse,1
short,5
crowded,13
loud,9
rooting,1
rowdy,1
eats,2
volleyball,13
deserted,1
fiancial,1
lgbt,2
responsibility,7
pleasure,1
geographic,3
dream,5
playing,4
concert,3
excepted,1
rounded,1
help,242
adult,5
furthering,2
locking,1
sooo,1
soon,13
trade,2
disabled,1
held,7
attitude,4
paper,7
dough,1
committee,1
committed,1
hell,2
smiling,3
avenue,1
fullest,1
ffa,1
developer,1
fallback,1
style,20
shotty,2
rapidly,1
formhome,1
severely,1
fined,1
border,2
sale,1
actually,34
late,39
grade,20
bummer,3
nifty,1
friendliest,4
cubies,1
soccer,3
might,21
ally,1
finer,1
qualm,1
evening,6
motivated,2
nestled,1
seeking,1
food,199
hunter,1
slight,1
reflected,1
underground,1
frigid,1
foot,9
hunted,1
complain,11
bigger,8
sucked,1
mystery,1
easily,31
ifs,1
eccelent,1
always,336
cell,1
accommodates,1
denny,1
random,3
micro,1
someone,59
stopped,1
letting,3
neccessary,1
found,23
athletics,51
friendship,6
disorganized,1
heavy,5
injured,1
harm,3
everyone,269
delicious,5
weight,4
museum,2
generation,3
house,129
energy,6
hard,93
reduce,1
idea,16
brother,6
engaging,4
modernized,1
finish,3
expect,26
barrier,1
operation,3
beyond,12
event,81
really,355
manly,1
anxious,2
dominates,2
funding,5
alcohol,53
solved,1
tailgating,6
surrounded,8
research,24
exemplary,1
equate,1
health,24
hill,4
print,5
shuffleboard,1
issue,48
brewery,1
highway,1
expansive,1
rfid,1
belief,13
lawrence,4
enforcing,2
friday,8
guess,10
pub,2
effect,4
pleasant,3
difficulty,10
reason,27
base,3
conditioning,1
imagine,7
ask,21
horse,1
teach,15
beginning,12
sidewalk,15
shot,2
guest,2
thrown,2
definition,1
revival,1
inspection,1
needing,2
terrible,12
clininc,1
cheering,5
american,19
expecting,2
elective,2
hassel,1
twenty,2
scheduled,1
heartbeat,3
castle,3
assign,1
coloring,1
major,170
limestone,7
dont,16
aggieville,119
feel,277
relate,4
number,27
fancy,1
linking,1
utilized,1
done,21
embraced,3
dong,1
climbing,2
preconcieved,1
miss,9
occurrence,2
threatned,1
story,11
temperature,5
paint,1
gourmet,1
leading,4
interact,8
tougher,1
moderately,1
gpa,23
least,33
sweetest,1
passed,3
seasoning,1
philanthropy,9
wonderful,48
storm,5
breed,1
master,6
hundred,2
challenge,7
store,18
lease,2
audit,1
selling,1
option,195
relationship,11
behind,6
mentality,1
buffalo,2
luckily,4
part,152
condemns,1
focusing,2
burrito,1
ipads,1
believe,37
rampant,1
hollywood,1
king,3
kind,72
grew,4
determines,1
recruitment,1
prevent,4
double,3
plowed,1
impersonal,1
kink,1
vocal,1
outrageous,3
prairie,2
marriage,1
supposed,4
insulted,1
stale,1
toward,5
treated,9
declare,3
traveling,1
deciding,3
motivation,2
compus,1
picked,4
outstanding,8
hastle,1
beforehand,1
debit,1
juice,3
springtime,1
substantial,3
alike,3
cleaned,4
controlled,1
concentration,2
unpaid,2
rushing,1
sell,5
lie,1
offender,4
built,13
zero,2
dancing,7
superior,1
self,3
rusticated,1
lit,16
majority,31
find,181
breeze,3
square,2
build,7
townhouses,1
finding,36
alse,1
gym,3
serene,1
towards,18
extraordinarily,1
quote,1
inconvenience,1
reach,8
chart,1
crash,2
virus,1
assoc,1
plan,39
eaten,2
position,6
nothing,33
unbeknownst,1
prestige,1
extremely,71
achievement,1
unavailable,1
understands,1
bug,2
clear,9
sometimes,68
cover,7
unreasonable,3
traditional,16
cramped,2
freebie,1
clean,33
saloon,3
notch,5
technical,6
harbin,2
joining,8
sector,1
particularly,4
cereal,2
admittedly,1
detection,1
fond,2
scattered,1
midwestern,2
converge,1
booze,1
session,6
relation,3
hyped,1
battle,1
speech,1
sweaty,1
fine,31
overwhelmed,3
occupation,1
impact,4
unhelpful,1
giant,3
resturaunts,1
securing,1
nervous,6
ruin,2
distributed,1
oatmeal,1
ball,3
specializing,1
penalty,1
indian,1
pretty,253
money,38
circle,2
proximity,4
hit,12
therefore,6
permission,1
dependent,2
express,5
sunny,5
grocery,3
cheaper,14
feedlot,1
famous,1
assaulted,2
expecially,1
valuable,2
theft,6
basement,6
snowing,7
frightening,1
distraction,2
immerse,1
progressive,2
strictest,1
childhood,1
princeton,1
alteration,1
redefined,1
common,17
activity,100
hype,2
obscure,1
courteous,5
wrote,1
approaching,1
insane,1
body,24
set,28
art,28
emaw,13
achieved,1
throwing,2
intelligence,1
advertised,2
instituted,1
sex,2
culture,23
see,91
individual,11
stomach,1
barggons,1
sea,3
close,103
arm,5
arn,1
cozy,4
project,9
microbiology,2
evaluation,2
probable,1
expert,3
visiting,5
movie,16
positivity,1
currently,22
please,4
case,13
smallest,2
various,10
wok,2
probably,21
crosswalk,2
avoidance,1
numerous,7
supersedes,1
pictured,1
knowing,5
latin,1
recently,13
hardship,1
targeted,1
intimidated,2
sold,5
attention,9
connectivity,1
orchestra,1
incident,7
succeed,24
french,2
premise,1
aggie,4
veterinarian,2
condo,1
relying,1
last,27
hesitant,1
restaurant,85
influential,2
barely,9
explore,6
foreign,13
mcdonald,1
connection,29
became,4
fraternity,53
focused,9
interactive,1
whole,28
experimental,1
patty,7
load,12
subpar,1
liked,11
flier,2
headed,1
simple,10
sweet,3
loan,15
northeastern,1
community,140
badminton,2
simply,3
alumnus,17
church,2
townhouse,1
throughout,34
expensive,66
belt,1
horticulture,2
decline,1
consuming,6
described,2
raise,4
duo,2
monthly,2
create,6
acceptance,10
political,13
due,24
appears,1
secret,1
describes,1
complicated,2
coarse,1
maintenance,2
threaten,1
brick,1
backgrouds,1
meeting,11
firm,1
dialogue,1
lived,31
flight,2
gay,2
buck,3
fire,4
steped,1
transferring,5
gas,3
else,52
fund,4
pricey,5
gal,2
understand,25
passing,3
athletically,2
instructor,27
extensive,1
dillons,1
handling,2
utmost,1
look,59
pedestrian,3
frozen,3
mlk,1
enrollment,4
bill,21
tolerate,1
budget,5
hilariously,1
brilliant,2
royalty,1
sexuality,1
smart,8
shift,1
fun,139
biking,3
guide,5
advising,2
exclude,1
swim,1
costly,3
hoping,2
sonic,2
enriching,2
wherever,9
coco,1
encountered,3
origin,1
regretted,1
skype,1
ready,9
conter,1
ethnicity,9
chase,1
peopled,1
cuisine,1
housemate,1
regulate,1
salina,31
shirt,4
anymore,2
grant,4
belong,3
textile,1
wierd,1
volunteering,1
virtually,4
widely,3
grand,1
ugliness,1
advise,3
dozen,1
conflict,3
higher,16
development,1
hallway,2
used,40
dime,1
bonus,1
assignment,8
gallery,1
epithet,1
negotiate,1
alert,11
database,1
moment,5
walmart,5
moving,9
user,2
necessity,6
advertise,1
dine,2
invest,1
stack,1
infamous,1
recent,4
lacrosse,1
dark,6
lower,4
task,2
older,24
accumulate,1
depending,25
spent,8
county,5
obviously,5
cheep,2
person,39
cheer,9
edge,8
bearable,4
thoroughly,2
grip,1
entry,4
avaiable,1
suceeding,1
spend,20
comprise,2
darn,1
donation,2
studnets,1
construct,1
supplement,1
mom,7
observed,1
competitive,13
isolated,1
segregate,1
distracting,1
shape,4
cocky,1
messing,1
world,27
vigilant,2
useful,3
alternative,3
predominantly,1
dishonesty,1
procrastinating,1
discipline,3
ticketing,2
superficial,1
cut,1
waste,3
also,295
hated,1
excites,1
guaranteed,6
fitting,1
snag,1
revenue,1
eager,4
location,28
input,1
ruled,1
administrative,1
excited,10
surprised,3
putnam,5
ridiculously,2
coerse,1
complaint,8
australia,1
march,1
emergency,30
thurston,1
professionalism,1
big,121
couple,23
laughed,1
unlimited,2
folk,1
lovin,1
game,139
truely,1
bit,43
like,334
skeptical,1
equity,1
success,21
nonalcoholic,1
yucky,1
pillar,1
multicultural,5
underway,1
ignore,3
miami,1
continue,9
popular,26
fault,3
essential,3
egg,1
pertaining,1
overhyped,1
partying,10
often,40
absolutely,56
spring,12
back,45
bounce,1
ntips,1
prototyping,1
countless,5
experienced,12
pricing,3
sight,2
apply,31
accomplishment,1
easygoing,1
cannonball,1
gradually,1
scale,3
dull,2
pet,2
decision,17
veterinary,9
pep,5
per,13
religion,20
applebees,3
connecting,3
tends,4
shenanigan,1
dating,1
closely,2
minimal,2
mart,1
tuned,1
run,52
nuclear,5
processing,2
stem,1
freely,1
restrictive,1
step,14
nowhere,3
chant,1
rewarding,6
nwhile,1
intense,2
handled,1
shine,2
wildlife,2
inter,2
usa,2
anything,59
netflix,1
completing,2
prove,1
graduation,11
drama,1
deserves,1
range,20
involving,1
foood,1
idk,1
illegal,3
sponsored,1
hatred,1
italian,5
consequently,1
bleeds,2
block,31
pollution,1
seeing,11
jimmy,1
letter,5
garbage,2
harassed,1
precisely,1
hometown,4
within,60
exceed,2
democrat,1
appropriate,3
primarily,2
accepting,35
vagabond,1
lesson,1
bankruptcy,1
impressed,3
agricluture,1
bagpipe,1
arcade,1
interacted,1
spending,1
apparently,1
question,20
long,51
filthy,1
camera,1
handbook,2
homemade,1
suit,4
forward,3
signified,2
bored,5
scared,10
strives,2
cleaning,1
eagerly,1
invite,3
boyd,4
tutored,1
poster,3
relaxed,4
mistreatment,1
disproportional,1
hoped,1
larry,1
hail,2
newer,3
delta,5
coldest,1
line,36
junior,9
raising,2
notification,1
directed,1
geting,1
humid,7
availbale,1
consist,2
mics,1
stumbling,1
goodcents,1
planet,1
generalize,1
accustomed,2
disgustingly,1
suitable,1
highlight,2
fried,1
similar,15
noone,1
smoother,3
bell,4
possession,2
responder,1
constant,3
worthwhile,2
figured,2
defined,1
flow,4
elitist,1
unsafe,25
accessibility,4
racking,1
single,6
diverse,65
thier,1
rally,3
cafe,2
questionnaire,1
rainy,3
puzzling,1
unresponsive,1
payoff,1
fixing,5
cohesive,1
plugged,1
occasional,2
application,19
nap,1
reputation,2
electrical,2
transport,4
income,2
department,58
manhattan,195
nice,157
booming,1
draw,6
musician,1
energetic,1
gameday,1
enterprise,2
bussing,1
prepared,20
helping,25
meaning,3
cater,1
smartest,1
prepares,1
oldness,1
formal,1
desert,1
structure,1
styerotypical,1
ago,1
furthest,2
scouting,1
sereval,1
happier,4
practically,2
age,19
required,22
backed,1
eaveryday,1
heath,2
steaming,1
depth,2
train,1
broad,3
dismal,1
underrated,2
cafetria,1
caribou,1
hello,1
essay,4
code,12
partial,1
incorporate,1
guessing,1
enjoyable,6
windy,5
parkour,1
kanas,1
barbecue,1
chauffeur,1
conversation,4
worrisome,1
seemed,2
compact,1
furnished,3
disposal,1
concerned,4
hunger,1
grass,1
young,9
send,9
uniqueness,1
atomisture,1
squeezing,1
stable,2
popularity,1
suite,7
dislike,2
include,10
friendly,185
sent,2
stocked,1
queen,1
wished,2
garden,3
bury,1
dessert,6
continues,1
wave,1
trendsetters,1
graphic,5
putting,2
mixing,1
drinking,60
continued,1
championship,4
lafene,6
timely,3
entire,19
recreation,13
esl,1
respectful,7
gender,4
button,22
midterm,2
fewer,1
kansa,438
try,41
tunnel,3
race,21
busier,1
dealt,3
havent,1
friendliness,3
ride,46
hinder,2
smaller,23
pledge,1
sensation,1
mural,1
soul,1
redone,1
accessing,1
video,3
booth,1
uncomfortable,2
reunion,2
flinthills,1
odd,3
click,1
clich,1
obey,1
graduating,3
sausage,1
business,36
chicago,2
giving,11
assisted,1
reaching,2
hardest,3
availability,13
access,21
waiting,8
unreal,2
rho,2
crossed,1
jayhawk,1
exercise,2
scenery,7
completion,2
downright,1
led,2
chose,19
degree,66
exchange,8
pushing,1
commercial,2
punch,1
nonexistent,2
delivering,1
desired,3
packing,1
acquit,1
let,14
sink,1
pancake,1
others,58
safer,8
nmy,1
irritating,1
extreme,10
great,600
engage,3
parites,1
metro,1
uneasy,1
receive,32
involved,119
larger,10
disadvantage,1
calvin,1
later,11
quaint,1
survey,2
weekday,1
panhellenic,2
derby,31
existent,1
opinion,15
thrives,1
geuther,1
aggy,1
snobby,5
thats,9
named,3
sat,2
apple,9
blizzard,2
danger,6
win,6
manage,4
crazy,18
private,10
cheerleader,1
wil,1
scandal,1
redo,1
staple,1
manipulate,1
standing,4
endangered,1
use,98
fee,3
crap,3
firefighting,1
certificate,4
remains,1
chi,1
seamless,1
flat,1
next,44
laying,2
assuring,1
doubt,2
vehicle,7
hiding,1
chip,1
reflects,1
touched,1
sort,21
upcoming,2
majoring,7
started,11
becomes,4
factor,5
impress,1
rationing,1
visibility,2
cooperate,1
trail,3
opposing,1
caturdays,1
teamwork,1
gladly,1
chipotle,5
starter,1
verity,2
customer,2
tad,1
account,3
rice,2
aggiville,3
salad,12
chik,1
reducing,1
athlete,16
linger,1
creepy,1
anywhere,53
obvious,1
praise,1
universe,1
industrial,2
meet,67
conformity,1
plug,2
performed,2
control,1
tau,1
patrol,3
thirsty,1
process,59
lock,2
halloween,2
high,71
tag,2
pulling,1
something,95
mudding,1
sought,1
intramural,12
stimulating,1
rape,3
native,4
dominant,2
educational,6
united,2
varied,4
hinders,1
sit,9
vibe,5
photojournalist,1
boxing,1
ingulfed,1
fortunate,1
motivating,1
located,23
varies,9
offiliation,1
dramticly,1
animal,17
instead,5
struggled,1
comedy,1
establishment,3
greatly,11
blustery,1
tension,1
attend,48
farm,2
watch,15
immersed,1
philosophy,4
legging,1
npc,1
fraternaties,1
frat,50
wrist,1
ethnic,12
tier,1
appetizer,1
physic,1
realized,2
institute,1
daycare,1
light,31
lame,1
redundant,1
nonsensically,1
bakery,3
honestly,19
allot,2
allow,19
tenure,3
addiction,1
lined,2
divided,1
preparing,1
neglect,1
unbreakable,1
demand,2
farming,5
insight,1
meter,3
knowledgable,2
nongreeks,2
including,25
motorcycle,1
undoubtedly,1
mentioned,1
agricultural,8
arrangement,1
wefald,2
bunch,10
perfect,26
underwater,1
outer,1
alway,1
chosen,2
considerate,2
accredited,2
winning,2
willing,76
choose,71
grill,5
covered,3
holiday,4
stepped,9
junction,1
greater,1
auto,1
outlined,1
material,6
fiesta,2
accomodating,2
ship,1
impressing,1
mention,8
cutting,1
legendary,1
haveing,2
front,8
republican,3
pompous,1
day,140
opportunites,1
strive,2
february,1
speaks,1
contagious,1
dierse,1
panic,2
eased,1
blazing,2
unpredictable,9
doesnt,1
mode,1
tights,1
crossing,4
identifies,1
brush,1
envolvement,1
partier,2
shower,2
met,37
strip,2
ambiance,3
product,5
related,11
society,4
collegian,1
measure,4
strictness,12
differ,1
agriculture,26
vicinity,1
witness,2
secretly,1
yout,1
haymaker,8
entertainment,6
spectrum,1
somethings,1
affordability,1
navigating,1
mannagment,1
mate,3
oriental,1
max,1
lecture,17
cause,6
integrated,2
math,11
afford,8
shut,4
quarter,2
umbrella,2
experiment,1
fluctuates,2
frank,1
jeff,1
attending,21
completely,16
hogwarts,4
york,3
advisor,45
van,13
farly,1
bleed,2
tenant,1
scary,4
interaction,9
yard,3
proffessors,1
handy,2
precaution,2
could,109
paraphernalia,1
florida,1
peple,1
stereotype,5
keep,60
intoxicated,2
chicken,3
qualifying,1
hence,1
invisible,1
recruiter,2
south,1
mad,3
manger,1
succeeds,1
taco,10
confuse,1
touring,1
owned,4
racism,1
exact,1
improving,4
drinker,2
reached,3
noticed,9
quality,33
reliable,13
owning,1
fella,1
management,9
sadly,4
dump,1
strict,60
unknown,1
accent,2
system,49
occupancy,1
renovation,10
priority,4
wabashed,1
crispys,1
ankle,1
rated,7
perfectly,3
final,8
painful,1
enforcement,4
shell,1
accompany,2
craziest,1
atheletes,1
shelf,1
completed,9
exactly,14
approachable,3
vegetarian,2
overwhelming,6
elite,5
institution,3
updating,2
outline,2
loved,29
succeeded,1
boring,13
bother,6
popping,1
bed,5
discriminating,1
claim,1
appealing,1
visited,9
india,2
providing,8
steep,1
dusty,1
bet,2
drunk,12
dentist,1
enforced,11
trasportation,1
avoided,1
outwardly,1
lightly,2
tidy,1
comfortable,20
comfortably,2
torment,1
unlikely,1
mcallisters,1
dictate,1
need,195
agronomy,2
academically,4
organizationns,1
viewed,7
disengaged,1
npost,1
afraid,9
min,1
studying,20
able,47
mid,2
admittance,1
contact,5
bagel,1
mix,13
nasty,1
biology,2
mip,1
persistence,1
calculus,1
bay,1
skate,1
unless,29
clash,1
passionately,1
discreetly,1
collaboration,1
african,9
satisfy,1
snowed,2
snacking,1
visa,1
connected,12
highschool,2
transcript,3
class,362
socializing,1
cellphone,1
placement,6
landscaping,1
pulled,2
enthusiastic,3
gather,2
stronger,1
thanksgiving,2
fafsa,6
face,13
looked,5
scrambled,1
dawgs,7
nkansas,1
mechanical,4
occasion,4
normally,19
fact,18
affair,1
atmosphere,122
selection,17
kite,3
cute,5
violation,2
text,4
supported,6
dependant,1
anyway,3
bring,24
reference,1
planning,12
parked,3
bedroom,5
telling,3
rough,2
longer,2
univerisity,1
debate,2
staff,48
ksu,172
inspiring,2
promote,4
based,24
knowledge,10
tire,1
earned,2
noteworthy,1
ncrime,1
brighten,1
employer,4
unable,2
situational,1
combo,2
employee,4
riding,5
piano,1
becasue,1
local,52
hope,8
meant,3
move,10
handle,5
skimp,1
watching,6
beat,4
mainly,15
overall,79
lucky,4
joint,2
bean,1
unformal,1
added,5
endless,2
following,5
unauthorized,1
ended,1
upper,5
shy,2
undergrad,4
calling,3
influenced,1
shelling,1
stuff,11
thrive,1
dangerous,5
tto,1
grab,2
discovery,1
grad,2
view,12
available,118
nthere,1
farthest,1
dillon,1
national,6
artsy,3
hosting,1
intertube,1
computer,132
signed,1
racket,1
expects,1
alchohol,1
packed,9
creating,3
closer,13
excitement,2
interacting,1
record,1
genius,2
nightmare,1
posse,1
bias,2
tend,20
icecream,1
state,810
sonority,1
closed,5
routine,3
wabash,5
eveeryone,1
boundary,3
youll,1
email,13
nightlife,14
greatful,1
ethic,3
exam,8
opening,3
importance,4
joy,1
notion,1
deliver,2
toting,1
job,120
key,6
accredidation,1
group,68
distribution,1
succesful,1
monitor,3
healthcare,1
instant,1
diligent,1
career,54
joke,5
taking,25
equal,2
drug,114
rfaivorite,1
etc,29
admit,2
ranked,11
grain,3
atleast,1
volley,2
clogged,1
fry,3
safely,4
otherwise,7
comment,1
unclear,1
gone,4
wall,5
tuesday,1
wonder,2
melting,1
dell,2
walk,154
competent,1
facilites,1
adding,2
news,1
table,12
undergraduate,9
picking,3
sedate,1
unclean,1
pouring,1
rarley,1
rusty,1
tremendous,5
decent,29
invigorating,1
responds,1
quiz,2
tutor,7
attends,3
treat,11
inadequate,1
enforcer,1
kitchen,4
quik,2
penny,1
diversity,84
greeting,1
cop,3
painted,1
route,5
sufficient,1
nacho,1
essentially,2
intelligent,1
bulk,1
orange,1
finished,1
resort,1
gross,1
fellow,9
skydiving,1
present,9
volunteer,4
multi,1
welcoming,42
license,3
unlike,6
planetarium,1
plain,3
runway,1
homey,7
appearance,4
value,15
promotes,3
chalk,4
stunning,1
reliability,4
brainer,1
owns,1
wild,5
frustrating,7
supply,4
snack,1
amenity,6
ncaa,2
plaza,1
resident,13
thus,9
site,3
wimba,1
helped,17
occupied,1
lonely,1
gothic,1
dual,6
politics,1
partner,1
watchful,1
shooting,1
administration,13
mounting,2
member,20
unity,1
strange,2
speaker,4
flower,1
steriotypes,1
largest,3
shuttle,36
party,155
cream,8
solution,1
difficult,49
kstate,26
spirited,3
practice,4
alot,22
emotionally,1
eccentric,1
drink,35
upon,9
nationally,3
octagon,1
throckmorton,2
nightly,1
overcrowded,2
shultis,1
student,930
frequently,9
judgment,1
lobby,9
expand,2
pleasantly,1
poultry,3
lupus,1
discounted,1
center,88
lunch,7
approve,1
incredible,18
well,233
overshadowed,1
circumstance,1
asked,8
thought,24
exceedingly,1
english,7
hale,21
drawing,1
usual,2
advertises,1
reside,1
newest,4
cried,1
heavily,6
boot,6
kramer,14
executive,1
obtain,4
clinic,1
houlihans,1
fishing,3
surpass,1
sorted,1
tone,1
skill,4
keen,1
happiness,1
tight,3
residential,2
point,9
dinning,8
lake,1
funest,1
realize,3
heritage,1
add,8
attractive,8
citizen,1
usage,8
tax,2
advanced,1
match,4
boom,3
resolved,1
outweigh,1
fluctuating,1
increased,2
ample,1
government,2
checking,2
punctual,1
bowling,8
wrangler,1
swipe,2
dryer,1
five,6
know,172
burden,1
desk,5
press,5
immediately,4
doughnut,1
loss,1
wesley,1
necessary,17
helpful,127
lost,8
safest,3
vibrant,3
purchasing,2
journalism,8
admitted,1
sized,7
garage,21
journalist,2
lose,2
become,30
soft,2
page,4
regardless,3
lends,1
accessible,17
poor,8
shed,1
stimulate,1
shutdown,1
smoothly,5
belonged,2
searching,3
library,85
growth,2
warmer,2
choosing,2
trucker,1
proper,4
home,89
liking,1
supportive,5
employment,6
recognition,1
oneself,1
happens,12
anderson,2
leaf,3
shrub,1
lead,8
foosball,1
literally,8
avoid,13
lean,2
appreciative,1
leap,1
sustain,1
passion,7
wendy,1
screwed,2
expo,1
warned,1
wheather,1
leader,2
accesability,1
locate,1
pepper,1
noise,3
acknowledgement,1
schedule,8
brawl,1
combative,1
expansion,3
ability,4
happing,1
pressure,10
host,3
petty,1
prohibited,1
although,58
offset,1
pasta,4
weaving,1
marketable,1
repair,1
stage,1
jam,1
sister,5
urbanized,2
actual,8
bglo,1
getting,86
longest,1
freedom,8
certainty,1
recognized,2
dependency,1
cancelation,1
nstudents,1
sweat,1
introduced,3
update,2
natatorium,2
software,3
equally,4
underage,26
additionally,3
previously,1
payment,2
commitment,4
cleared,1
leniency,1
fundraiser,1
guard,2
weather,90
fancier,2
female,17
registration,4
luck,5
pointless,1
utility,5
lasting,1
deoderant,1
regarded,1
networking,4
additional,1
shoveled,1
challanging,1
transfer,19
housing,109
snyder,17
apps,1
kidding,1
intention,1
threat,1
dropping,1
unfortunetaly,1
biggest,12
ditsy,1
gut,1
chunk,1
naturally,1
function,4
tricky,2
buy,14
interest,23
aircraft,2
bus,58
brand,6
evacuate,1
delivery,2
reminds,2
repeated,2
construction,11
gain,8
nut,1
straight,4
technician,1
didnt,4
overflow,1
highest,5
eat,68
astra,1
count,3
lynn,1
lady,2
made,61
wise,3
evident,2
whether,24
wish,28
differents,1
official,2
smooth,3
flip,1
distract,2
roam,2
byob,1
placed,11
funfilled,1
convince,2
limit,5
hand,26
pumped,2
cake,1
demonstrate,2
problem,87
piece,2
informational,2
display,2
stirring,1
skating,1
bearing,1
irish,1
reciprocated,1
play,20
intimidating,1
whatever,15
ppst,2
universal,1
contribute,1
rejected,1
inn,1
ink,1
arrival,1
education,70
pit,2
girl,69
compared,13
variety,108
sexual,13
percent,3
lately,2
blown,1
book,12
special,19
sick,3
clicky,1
compete,3
incredibly,19
dresser,1
recklessly,1
aau,1
illegally,2
sunshine,1
star,3
monday,2
mcc,1
astounding,2
variation,3
stay,38
toasty,1
apparel,2
chance,21
accomplish,2
sandwhich,2
kinda,4
tailgate,1
priced,11
opened,2
ave,1
prevalent,7
cinco,1
hears,1
processed,1
persistent,1
rule,31
portion,2
lift,1
status,1
specialize,1
rural,5
bcs,2
baked,1
rep,1
ticketed,3
